ANIO,MES,CONGLOMERADO,MUESTRA,SELVIV,HOGAR,REGION,LLAVE_PANEL,ESTRATO,C201,C203,C204,C205,C206,C207,C208,NROINF,C301_DIA,C301_MES,C301_ANIO,C303,C304,C305,C306_1,C306_2,C306_3,C306_4,C306_5,C306_6,C306_7,C306_8,C306_9,C306_10,C306_10A,C306_11,C300n,C306A,C308_COD,C309_COD,C310,C311,C312,C313,C317,C317A,C318_1,C318_2,C318_3,C318_4,C318_5,C318_6,C318_7,C318_T,C328_T,whoraT,C330,C331,C333,C334,P209H,C335,C338,C339_1,C341_T,C342,C344,C345_1,C347_T,C348,C350,C352,C353,C354,C355,C356,C357_I,C358,C359,SEGURO1,C361_1,C362_1,C361_2,C362_2,C361_3,C362_3,C361_4,C362_4,C361_5,C362_5,C361_6,C362_6,C361_7,C362_7,C361_8,C362_8,C364_1,C365_1,C364_2,C365_2,C364_3,C365_3,C364_4,C365_4,C366,C366_1,C366_2,C375_1,C375_2,C375_3,C375_4,C375_5,C375_6,C376,C377,OCUP300,I339_1,D341_T,I342,D344,I345_1,I348,D347_T,D350,D351_T,INGTOT,INGTOTP,ingtrabw,RESIDENT,fa_mam25
2025,04,26524,1,0001,1,1,202501265241000112,1,2,2,1,2, ,1,72,2,10,4,1953,1, , , , , , , , , , , , , , ,2, ,1142,5610,1, ,1, ,5,801,0,6,6,6,6,6,6,36, ,36,1, ,2, ,2,2, , , ,70000, , , , , , , , , , , , ,1,1,1,2,2, ,2, ,2, ,2, ,2, ,2, ,2, ,2, ,1,2,2, ,2, ,6,5, ,2,2,2,2,2,2,10,8,1, , ,70000, , , , , , ,70000,70000,70000,1,829.814382348452
2025,03,29555,1,0015,1,1,202503295551001512, ,2,2,1,2, ,2,60,2,5,1,1965,1, , , , , , , , , , , , , , ,2, ,1131,2100,3,5,1, ,4,250,0,8,8,8,8,5,0,37, ,40,2,40,2, ,2,2,4,43970, , , , , , , , , , , , , , ,1,3,1,1,2, ,1,1,2, ,2, ,2, ,2, ,2, ,1,1,2, ,2, ,2, ,12,2, ,2,2,2,2,2,2,10,7,1,43970, , , , , , , , ,43970,43970,43970,1,799.005741360619
2025,04,17938,1,0045,1,1,202401179381004511,1,1,1,1,2, ,1,62,1,2,10,1962,1, , , , , , , , , , , , , , ,1, ,3314,7911,3,5,1, ,4,400,0,8,8,8,0,0,0,24,11,65,2,65,2, ,2,2,4,20000,300, , ,6000, , , , , , , , , , ,1,3,1,1,2, ,1,1,2, ,2, ,2, ,2, ,2, ,1,1,2, ,2, ,2, ,12,2, ,2,2,2,2,2,2,10,7,1,20000,25, , ,6000, , , ,7500,26025,20025,33525,1,440.35565191934
2025,03,25321,1,0138,1,1,202403253211013811,1,1,1,1,2, ,1,57,1,1,3,1968,1, , , , , , , , , , , , , , ,1, ,2142,8413,3,2, , ,5,9998,0,13,13,13,13,13,0,65,6,71,1, ,2, ,2,2,4,16000, , , ,12000, , , , , , , , , , ,1,1,1,1,2, ,2, ,2, ,2, ,2, ,2, ,2, ,1,1,2, ,2, ,2, ,12,2, ,1,2,2,2,2,2,10,7,1,16000, , , ,12000, , , , ,28000,16000,28000,1,997.905196222709
2025,05,2653302,1,0051,1,1,20250526533021005112,1,2,2,1,2, ,1,58,1,26,9,1966,1, , , , , , , , , , , , , , ,2, ,2142,4100,3,5,1, ,3,100,0,10,10,10,10,10,5,55, ,55,1, ,1,1,1,2,4,20000,450, , , , , , , , , , , , , ,1,3,1,1,2, ,1,1,2, ,2, ,2, ,2, ,2, ,1,1,2, ,2, ,2, ,11,5, ,2,2,2,2,2,2,10,7,1,20000,450, , , , , , ,5001,20450,20450,25451,1,885.922836606185
2025,05,26722,2,0055,1,1,202505267222005512,1,2,2,1,2, ,2,62,2,26,9,1962,1, , , , , , , , , , , , , , ,2, ,4110,4290,3,5,1, ,5,1100,0,10,10,10,10,10,0,50, ,50,1, ,2, ,2,2,4,20000, , , , , , , , , , , , , , ,1,3,1,1,2, ,1,1,2, ,2, ,2, ,2, ,2, ,1,1,2, ,2, ,2, ,11,5, ,2,2,2,2,2,2,10,6,1,20000, , , , , , , ,5001,20000,20000,25001,1,681.974438816463
2025,04,2626601,1,0035,1,1,20240426266011003511,1,1,1,1,2, ,2,57,1,30,8,1967,1, , , , , , , , , , , , , , ,1, ,4110,2100,3,5,1, ,2,50,0,8,8,8,8,8,0,40, ,40,1, ,2, ,2,2,4,15000,50, , , , , , , , , , , , , ,1,3,1,1,2, ,1,1,2, ,2, ,2, ,2, ,2, ,1,1,2, ,2, ,2, ,11,5, ,2,2,2,2,2,2,10,7,1,15000,217, , , , , , ,5250,15217,15217,20467,1,779.730590037922
2025,05,25262,1,0100,1,1,202405252621010011,1,1,1,1,2, ,1,53,1,22,8,1971,1, , , , , , , , , , , , , , ,1, ,2146,729,3,5,1, ,5,750,10,10,10,0,0,0,0,30, ,30,1, ,2, ,2,2,4,11300,1100, , , , , , , , , , , , , ,1,3,1,1,2, ,1,2,2, ,2, ,2, ,2, ,2, ,1,1,2, ,2, ,2, ,11,5, ,2,2,2,2,2,2,10,7,1,11300,1100, , , , , , ,6625,12400,12400,19025,1,1480.11364209984
2025,05,2627701,1,0012,1,1,20240826277011001212,1,2,2,1,2, ,1,49,2,31,3,1976,1, , , , , , , , , , , , , , ,2, ,1499,6201,3,5,1, ,2,30,0,8,8,8,0,8,0,32, ,40,2,40,2, ,2,2,4,15000, , , , , , , , , , , , , , ,1,3,1,1,2, ,1,1,2, ,2, ,2, ,2, ,2, ,1,1,2, ,2, ,2, ,11,5, ,2,2,2,2,2,2,10,7,1,15000, , , , , , , ,3750,15000,15000,18750,1,849.105264417926
2025,05,2734402,1,0048,1,1,20240227344021004811,1,1,1,1,2, ,1,51,1,7,2,1974,1, , , , , , , , , , , , , , ,1, ,4110,6920,3,5,1, ,2,25,0,8,8,8,0,8,0,32, ,40,2,40,2, ,2,2,4,15000, , , , , , , , , , , , , , ,1,1,1,1,2, ,2, ,2, ,2, ,2, ,2, ,2, ,1,1,2, ,2, ,2, ,11,5, ,2,2,2,2,2,2,10,7,1,15000, , , , , , , ,3750,15000,15000,18750,1,913.47609125995
2025,05,26398,1,0086,1,1,202502263981008611,1,1,1,1,2, ,1,41,1,16,7,1983,1, , , , , , , , , , , , , , ,1, ,1221,1101,3,5,1, ,3,90,0,8,8,8,8,8,5,45, ,45,1, ,2, ,2,2,4,15000, , , , , , , , , , , , , , ,1,3,1,1,2, ,1,1,2, ,2, ,2, ,2, ,2, ,1,1,2, ,2, ,2, ,11,5, ,2,2,2,2,2,2,10,7,1,15000, , , , , , , ,3750,15000,15000,18750,1,996.042935994006
2025,05,25636,1,0042,1,1,202502256361004211,1,1,1,1,2, ,1,45,1,26,1,1980,1, , , , , , , , , , , , , , ,1, ,2114,729,3,5,1, ,4,500,0,9,9,9,9,9,0,45, ,45,1, ,2, ,2,2,4,17000, , , , , , , , , , , , , , ,1,1,1,1,2, ,2, ,2, ,2, ,2, ,2, ,2, ,1,1,2, ,2, ,2, ,12,2, ,2,2,2,2,2,2,10,7,1,17000, , , , , , , ,1416,17000,17000,18416,1,814.428779823916
2025,05,2527102,1,0019,1,1,20250525271021001911,1,1,1,1,2, ,1,65,2,19,6,1959,1, , , , , , , , , , , , , , ,1, ,4416,729,3,5,1, ,3,60,10,10,10,10,10,10,10,70, ,70,1, ,2, ,2,2,4,13500,630, , , , , , , , , , , , , ,1,3,1,1,2, ,1,1,2, ,2, ,2, ,2, ,2, ,1,1,2, ,2, ,2, ,11,5, ,2,2,2,2,2,2,10,7,1,13500,1229, , , , , , ,3375,14729,14729,18104,1,1382.31121005008
2025,05,2578501,1,0022,1,1,20240825785011002212,1,2,2,1,2, ,1,53,2,22,5,1971,1, , , , , , , , , , , , , , ,2, ,2611,8413,3,2, , ,5,9998,0,8,8,8,8,8,0,40, ,40,1, ,2, ,2,2,4,18000, , , , , , , , , , , , , , ,1,1,1,1,2, ,2, ,2, ,2, ,2, ,2, ,2, ,1,1,2, ,2, ,2, ,11,6, ,2,2,2,2,2,2,10,7,1,18000, , , , , , , ,50,18000,18000,18050,1,1080.46782788688
2025,04,24790,1,0056,1,1,202501247901005611,1,1,1,1,2, ,1,36,1,4,10,1988,1, , , , , , , , , , , , , , ,1, ,2142,4100,1, ,1, ,1,20,0,10,10,10,10,10,0,50, ,50,1, ,2, ,2,2, , , ,18000, , , , , , , , , , , , ,1,1,1,2,2, ,2, ,2, ,2, ,2, ,2, ,2, ,1,2,2, ,2, ,2, ,11,5, ,2,2,2,2,2,2,10,7,1, , ,18000, , , , , , ,18000,18000,18000,1,1076.6148281082
2025,05,2527102,1,0017,1,1,20250525271021001713,1,3,3,1,2, ,1,35,3,27,2,1990,1, , , , , , , , , , , , , , ,3, ,2152,1074,3,5,1, ,4,400,0,8,8,8,8,8,0,40, ,40,1, ,2, ,2,2,4,14000, , , , , , , , , , , , , , ,1,3,1,1,2, ,1,1,2, ,2, ,2, ,2, ,2, ,1,1,2, ,2, ,2, ,11,5, ,2,2,2,2,2,2,10,7,1,14000, , , , , , , ,3501,14000,14000,17501,1,1682.49468848927
2025,05,29415,1,0143,1,1,202505294151014311,1,1,1,1,2, ,1,37,1,16,12,1987,1, , , , , , , , , , , , , , ,1, ,2142,7110,2, ,1, ,1,1,0,1,2,2,4,2,3,14,20,60,2,60,1,1,1,2, , , ,13000, , , ,4500, , , , , , , , ,1,1,1,2,2, ,2, ,2, ,2, ,2, ,2, ,2, ,1,2,2, ,2, ,2, ,11,5, ,2,2,2,2,2,2,10,7,1, , ,13000, , ,4500, , , ,17500,13000,17500,1,1169.08892990513
2025,05,26700,1,0059,1,1,202505267001005911,1,1,1,1,2, ,1,48,1,14,1,1977,1, , , , , , , , , , , , , , ,1, ,3513,6209,3,5,1, ,5,1300,0,9,9,9,9,9,0,45,10,55,1, ,2, ,2,2,4,11000, , , , , ,4000, , , , , , , , ,1,1,1,1,2, ,2, ,2, ,2, ,2, ,2, ,2, ,1,1,2, ,2, ,2, ,12,1, ,2,2,2,2,2,2,10,7,1,11000, , , , ,4000, , ,2499,15000,11000,17499,1,1405.85064031963
2025,05,19968,1,0016,1,1,202505199681001611,1,1,1,1,2, ,1,42,1,29,11,1982,1, , , , , , , , , , , , , , ,1, ,4312,6419,3,5,1, ,5,3000,2,10,10,10,10,10,0,52, ,52,1, ,2, ,2,2,4,13000, , , , , , , , , , , , , , ,1,3,1,1,2, ,1,4,2, ,2, ,2, ,2, ,2, ,1,1,2, ,2, ,2, ,11,5, ,2,2,2,2,2,2,10,7,1,13000, , , , , , , ,3712,13000,13000,16712,1,758.755473643204
2025,04,2657901,1,0056,1,1,20240426579011005611,1,1,1,1,2, ,2,52,1,4,7,1972,1, , , , , , , , , , , , , , ,1, ,2611,1030,3,5,1, ,5,505,0,10,9,10,9,10,0,48, ,48,1, ,2, ,2,2,4,13200, , , , , , , , , , , , , , ,1,3,1,1,2, ,1,1,2, ,2, ,2, ,2, ,2, ,1,1,2, ,2, ,2, ,12,2, ,2,2,2,2,2,2,10,7,1,13200, , , , , , , ,3249,13200,13200,16449,1,678.602403965282
2025,03,49915,1,0152,1,1,202312499151015211,1,1,1,1,2, ,1,44,2,9,6,1980,1, , , , , , , , , , , , , , ,1, ,2144,2410,3,5,1, ,4,400,0,8,8,8,8,8,0,40, ,40,1, ,2, ,2,2,4,12000, , , , , , , , , , , , , , ,1,1,1,1,2, ,2, ,2, ,2, ,2, ,2, ,2, ,1,1,2, ,2, ,2, ,11,5, ,2,2,2,2,2,2,10,7,1,12000, , , , , , , ,4000,12000,12000,16000,1,1962.12370348928
2025,03,27224,1,0053,1,1,202503272241005311, ,1,1,1,2, ,1,57,1,12,6,1967,1, , , , , , , , , , , , , , ,1, ,2631,4220,3,5,1, ,5,2000,0,8,8,8,8,8,0,40, ,40,1, ,2, ,2,2,4,12000, , , , , , , , , , , , , , ,1,3,1,1,2, ,1,1,2, ,2, ,2, ,2, ,2, ,1,1,2, ,2, ,2, ,12,2, ,2,2,2,2,2,2,10,6,1,12000, , , , , , , ,4000,12000,12000,16000,1,910.802996533465
2025,05,2304701,1,0119,1,1,20240523047011011911,1,1,1,1,2, ,1,54,1,3,4,1971,1, , , , , , , , , , , , , , ,1, ,3314,4530,1, ,1, ,1,3,0,11,11,11,11,0,11,55,12,67,1, ,1,1,1,2, , , ,10000, , , ,6000, , , , , , , , ,1,5,2, ,2, ,2, ,2, ,1,5,2, ,2, ,2, ,2, ,2, ,2, ,2, ,6,5, ,2,2,2,2,2,2,10,7,1, , ,10000, , ,6000, , , ,16000,10000,16000,1,660.962140545659
2025,03,26444,1,0063,1,1,202412264441006311,1,1,1,1,2, ,1,56,1,21,9,1968,1, , , , , , , , , , , , , , ,1, ,2212,8620,3,5,1, ,2,30,5,10,10,10,10,10,10,65, ,65,1, ,1,1,1,2,4,12000, , , , , , , , , , , , , , ,2,3,1,1,2, ,1,1,2, ,2, ,2, ,2, ,2, ,1,1,2, ,2, ,2, ,12,2, ,2,2,2,2,2,2,10,6,1,12000, , , , , , , ,3833,12000,12000,15833,1,1637.53793544195
2025,03,25524,1,0007,1,1,202412255241000711,1,1,1,1,2, ,2,51,1,8,1,1974,1, , , , , , , , , , , , , , ,1, ,1114,8412,3,2, , ,5,1000,0,8,8,8,8,8,0,40, ,40,1, ,2, ,2,2,4,15600, , , , , , , , , , , , , , ,1,3,1,1,2, ,1,1,2, ,2, ,2, ,2, ,2, ,1,1,2, ,2, ,2, ,12,2, ,2,2,2,2,2,2,10,7,1,15600, , , , , , , ,50,15600,15600,15650,1,914.821659625603
2025,05,19839,1,0110,1,1,202402198391011011,1,1,1,1,2, ,1,29,1,20,2,1996,1, , , , , , , , , , , , , , ,1, ,9629,7490,2, ,2,2,1,1,6,6,6,6,0,6,0,30,18,53,2,53,1,1,1,2, , , , , ,3100, , , , , , , , , , ,1,1,1,2,2, ,2, ,2, ,2, ,2, ,2, ,2, ,1,2,2, ,2, ,2, ,10,4, ,2,2,2,2,2,2,10,7,1, , ,12500, ,3100, , , , ,15600,12500,15600,1,1283.48820888282
2025,04,29453,1,0111,1,1,202404294531011111,1,1,1,1,2, ,1,42,1,10,6,1982,1, , , , , , , , , , , , , , ,1, ,5211,4641,2, ,1, ,1,2,0,12,12,12,12,12,12,72, ,72,1, ,1,1,1,2, , , ,15000,250, , , , , , , , , , , ,1,6,2, ,2, ,2, ,2, ,2, ,2, ,2, ,2, ,2, ,2, ,2, ,2, ,6,5, ,2,2,2,2,2,2,2,2,1, , ,15000,250, , , , , ,15250,15250,15250,1,1036.63654449463
2025,04,28454,1,0071,1,1,202504284541007112,1,2,2,1,2, ,1,62,2,21,7,1962,1, , , , , , , , , , , , , , ,2, ,2212,8610,3,2, , ,5,998,0,6,6,6,6,6,6,36,10,46,1, ,2, ,2,2,4,13000, , , ,2000, , , , , , , , , , ,2,1,1,1,2, ,2, ,2, ,2, ,2, ,2, ,2, ,1,1,2, ,2, ,2, ,11,7, ,2,2,2,2,2,2,10,7,1,13000, , , ,2000, , , ,50,15000,13000,15050,1,956.248468398494
2025,05,2734402,1,0047,1,1,20240227344021004711,1,1,1,1,2, ,1,66,1,18,9,1958,1, , , , , , , , , , , , , , ,1, ,2631,8413,3,2, , ,5,9998,0,8,8,8,0,8,0,32, ,40,2,40,2, ,2,2,4,15000, , , , , , , , , , , , , , ,1,1,1,1,2, ,2, ,2, ,2, ,2, ,2, ,2, ,2, ,1,1,2, ,2, ,11,5, ,2,2,2,2,2,2,10,7,1,15000, , , , , , , ,50,15000,15000,15050,1,913.47609125995
2025,05,26896,1,0021,1,1,202408268961002112,1,2,6,1,2, ,2,58,2,10,5,1967,1, , , , , , , , , , , , , , ,2, ,2611,8423,3,2, , ,5,9998,0,8,8,8,8,8,0,40, ,40,1, ,2, ,2,2,4,15000, , , , , , , , , , , , , , ,1,2,2, ,1,1,2, ,2, ,2, ,2, ,2, ,2, ,1,1,2, ,2, ,2, ,12,2, ,2,2,2,2,2,2,10,7,1,15000, , , , , , , ,50,15000,15000,15050,1,750.600797342413
2025,03,26444,1,0065,1,1,202312264441006512,1,2,2,1,2, ,2,39,2,13,4,1985,2,2,2,2,2,2,1,2,2,2,2,2,2,2,2,2, ,3314,1410,1, ,1, ,1,5,3,3,3,3,3,3,3,21, ,21,1, ,2, ,2,2, , , ,15000, , , , , , , , , , , , ,1,1,1,2,2, ,2, ,2, ,2, ,2, ,2, ,2, ,2, ,2, ,2, ,2, ,11,6, ,2,2,2,2,2,2,10,6,1, , ,15000, , , , , , ,15000,15000,15000,1,1940.54389045286
2025,03,27291,1,0070,1,1,202403272911007011,1,1,1,1,2, ,1,44,1,8,11,1980,1, , , , , , , , , , , , , , ,1, ,1111,8423,3,2, , ,5,9998,0,8,8,8,8,8,0,40, ,40,1, ,2, ,2,2,4, , , , , , , , , , , , , , , ,1,1,1,1,2, ,2, ,2, ,2, ,2, ,2, ,2, ,1,1,2, ,2, ,2, ,11,6, ,2,2,2,2,2,2,10,7,1,15000, , , , , , , , ,15000,15000,15000,1,1245.38715317202
2025,04,29588,1,0048,1,1,202504295881004811,1,1,1,1,2, ,2,55,1,8,7,1969,1, , , , , , , , , , , , , , ,1, ,1163,8620,3,5,1, ,2,30,6,8,8,8,8,8,8,54, ,54,1, ,1,1,1,2,4,12000, , , , , , , , , , , , , , ,1,3,1,1,2, ,1,1,2, ,2, ,2, ,2, ,2, ,1,1,2, ,2, ,2, ,11,5, ,2,2,2,2,2,2,10,7,1,12000, , , , , , , ,3000,12000,12000,15000,1,1203.88309090062
2025,05,2693901,1,0015,1,1,20240226939011001511,1,1,1,1,2, ,2,49,4,6,12,1975,1, , , , , , , , , , , , , , ,1, ,2161,6820,1, ,1, ,1,6,0,8,8,8,8,8,0,40, ,40,1, ,2, ,2,2, , , ,15000, , , , , , , , , , , , ,1,1,1,2,2, ,2, ,2, ,2, ,2, ,2, ,2, ,1,2,2, ,2, ,2, ,11,5, ,2,2,2,2,2,2,10,7,1, , ,15000, , , , , , ,15000,15000,15000,1,794.623378129844
2025,04,2662401,1,0072,1,1,20250426624011007211,1,1,1,1,2, ,1,41,1,17,9,1983,1, , , , , , , , , , , , , , ,1, ,2511,6202,3,5,1, ,5,9998,0,8,8,8,8,8,0,40, ,40,1, ,2, ,2,2,4,13000, , , , , , , , , , , , , , ,1,3,1,1,2, ,1,1,2, ,2, ,2, ,2, ,2, ,1,1,2, ,2, ,2, ,11,5, ,2,2,2,2,2,2,10,7,1,13000, , , , , , , ,1666,13000,13000,14666,1,1005.24215396832
2025,05,26700,1,0063,1,1,202505267001006311,1,1,1,1,2, ,1,50,1,15,12,1974,1, , , , , , , , , , , , , , ,1, ,2511,7210,3,5,1, ,5,9998,0,8,8,8,8,8,0,40,4,44,1, ,2, ,2,2,4,10000, , , , , ,3000, , , , , , , , ,1,1,1,1,2, ,2, ,2, ,2, ,2, ,2, ,2, ,1,1,2, ,2, ,2, ,12,2, ,2,2,2,2,2,2,10,7,1,10000, , , , ,3000, , ,1666,13000,10000,14666,1,1405.85064031963
2025,03,26444,1,0064,1,1,202312264441006411,1,1,1,1,2, ,1,60,1,4,3,1965,1, , , , , , , , , , , , , , ,1, ,1131,1102,3,5,1, ,4,200,0,8,8,8,8,8,0,40, ,40,1, ,2, ,2,2,4,12000, , , , , , , , , , , , , , ,1,3,1,1,2, ,1,1,2, ,2, ,2, ,2, ,2, ,1,1,2, ,2, ,2, ,12,2, ,2,2,2,2,2,2,10,6,1,12000, , , , , , , ,2083,12000,12000,14083,1,1637.53793544195
2025,05,2578501,1,0022,1,1,20240825785011002211,1,1,1,1,2, ,2,47,1,19,10,1977,1, , , , , , , , , , , , , , ,1, ,2631,8430,3,3, , ,5,9998,0,8,8,8,8,8,0,40, ,40,1, ,1,1,1,2,4,14000, , , , , , , , , , , , , , ,1,1,1,1,2, ,2, ,2, ,2, ,2, ,2, ,2, ,1,1,2, ,2, ,2, ,11,5, ,2,2,2,2,2,2,10,7,1,14000, , , , , , , ,50,14000,14000,14050,1,995.292220543264
2025,04,2655102,1,0047,1,1,20250426551021004711,1,1,1,1,2, ,2,51,1,22,9,1973,1, , , , , , , , , , , , , , ,1, ,2421,6810,1, ,1, ,1,9,0,8,8,8,0,0,0,24, ,40,2,40,2, ,2,2, , , ,14000, , , , , , , , , , , , ,1,2,2, ,1,2,2, ,2, ,2, ,2, ,2, ,2, ,1,2,2, ,2, ,2, ,11,5, ,2,2,2,2,2,2,10,8,1, , ,14000, , , , , , ,14000,14000,14000,1,842.358850513403
2025,04,29516,1,0056,1,1,202501295161005612,1,2,2,1,2, ,1,56,2,6,12,1968,1, , , , , , , , , , , , , , ,2, ,2144,4752,3,5,1, ,4,101,0,8,8,8,8,8,8,48, ,48,1, ,2, ,2,2,4,11000, , , , , , , , , , , , , , ,1,3,1,1,1,2,2, ,2, ,2, ,2, ,2, ,2, ,1,1,2, ,2, ,2, ,11,5, ,2,2,2,2,2,2,10,7,1,11000, , , , , , , ,2889,11000,11000,13889,1,890.121046445746
2025,03,19762,1,0029,1,1,202503197621002911,1,1,1,1,2, ,1,44,2,18,2,1981,2,1, , , , , , , , , , , , , ,1, ,2141,4390,3,5,1, ,4,500,0,0,0,0,0,0,0,0, ,45,2,45,2, ,2,2,4,11000, , , , , , , , , , , , , , ,2,1,1,1,2, ,2, ,2, ,2, ,2, ,2, ,2, ,1,1,2, ,2, ,2, ,11,5, ,1,2,2,2,2,2,10,7,1,11000, , , , , , , ,2776,11000,11000,13776,1,1990.06480523174
2025,04,2694701,1,0066,1,1,20240426947011006612,1,2,2,1,2, ,2,46,2,13,8,1978,1, , , , , , , , , , , , , , ,2, ,2211,2100,3,5,1, ,4,200,0,8,8,8,0,0,0,24, ,40,2,40,2, ,2,2,4,11000, , , , , , , , , , , , , , ,1,3,1,1,2, ,1,1,2, ,2, ,2, ,2, ,2, ,1,1,2, ,2, ,2, ,12,2, ,2,2,2,2,2,2,10,7,1,11000, , , , , , , ,2751,11000,11000,13751,1,832.483440053576
2025,03,2651402,1,0179,1,1,20250326514021017911,1,1,1,1,2, ,2,25,1,8,7,1999,1, , , , , , , , , , , , , , ,1, ,4110,4210,3,5,1, ,5,1800,0,10,10,10,10,10,0,50, ,50,1, ,2, ,2,2,4,10000, , , , , , , , , , , , , , ,1,3,1,1,2, ,1,1,2, ,2, ,2, ,2, ,2, ,1,1,2, ,2, ,2, ,11,5, ,2,2,2,2,2,2,10,6,1,10000, , , , , , , ,3749,10000,10000,13749,1,2831.97157837164
2025,03,2651402,1,0179,1,1,20250326514021017912,1,2,11,1,2, ,2,28,2,4,2,1997,1, , , , , , , , , , , , , , ,2, ,2141,610,3,5,1, ,5,3500,0,8,8,8,8,8,0,40, ,40,1, ,2, ,2,2,4,10000, , , , , , , , , , , , , , ,1,3,1,1,2, ,1,1,2, ,2, ,2, ,2, ,2, ,1,1,2, ,2, ,2, ,11,5, ,2,2,2,2,2,2,10,7,1,10000, , , , , , , ,3499,10000,10000,13499,1,2831.97157837164
2025,03,2641302,1,0008,1,1,20240326413021000811,1,1,1,1,2, ,1,62,3,10,9,1962,1, , , , , , , , , , , , , , ,1, ,1132,729,3,5,1, ,4,200,0,8,8,8,8,8,0,40, ,40,1, ,1,1,1,2,4,10000,690, , , , , , , , , , , , , ,1,3,1,1,2, ,1,1,2, ,2, ,2, ,2, ,2, ,1,1,2, ,2, ,2, ,12,2, ,2,2,2,2,2,2,10,7,1,10000,990, , , , , , ,2499,10990,10990,13489,1,1294.36901960654
2025,05,27407,1,0046,1,1,202405274071004613,1,3,3,1,2, ,2,36,3,15,7,1988,1, , , , , , , , , , , , , , ,3, ,2212,8610,3,2, , ,5,501,12,6,6,6,6,6,0,42,10,70,2,70,1,2,2,2,4,9000,40, , ,2000, ,2000, , , , , , , , ,1,1,1,1,2, ,2, ,2, ,2, ,2, ,2, ,2, ,1,1,2, ,2, ,2, ,11,7, ,2,2,2,2,2,2,10,7,1,9000,40, , ,2000,2000, , ,50,13040,9040,13090,1,1055.89206204613
2025,03,2704001,1,0007,1,1,20240627040011000712,1,2,2,1,2, ,2,46,2,13,6,1978,1, , , , , , , , , , , , , , ,2, ,3317,8230,2, ,1, ,1,1,0,10,10,8,10,8,0,46, ,46,1, ,2, ,2,2, , , ,13000, , , , , , , , , , , , ,1,3,1,4,2, ,1,4,2, ,2, ,2, ,2, ,2, ,1,5,2, ,2, ,2, ,9,3, ,2,2,2,2,2,2,10,7,1, , ,13000, , , , , , ,13000,13000,13000,1,462.625245064365
2025,03,2441301,1,0096,1,1,20250324413011009613, ,2,6,1,2, ,2,60,2,23,3,1965,1, , , , , , , , , , , , , , ,2, ,3314,4923,1, ,1, ,1,6,0,0,0,0,0,5,5,10, ,10,1, ,2, ,2,2, , , ,13000, , , , , , , , , , , , ,1,1,1,4,2, ,2, ,2, ,2, ,2, ,2, ,2, ,2, ,2, ,2, ,2, ,8,1, ,2,2,2,2,2,2,10,7,1, , ,13000, , , , , , ,13000,13000,13000,1,461.979142753169
2025,03,2668202,1,0053,1,1,20240626682021005311,1,1,1,1,2, ,1,47,1,23,7,1977,1, , , , , , , , , , , , , , ,1, ,2141,3510,3,5,1, ,2,32,0,8,8,8,8,0,0,32, ,32,1, ,2, ,2,2,4,12500, , , , , , , , , , , , , , ,1,2,2, ,1,1,2, ,2, ,2, ,2, ,2, ,2, ,1,1,2, ,2, ,2, ,12,2, ,2,2,2,2,2,2,10,7,1,12500, , , , , , , ,500,12500,12500,13000,1,804.43944640343
2025,04,2688001,1,0004,1,1,20240126880011000411,1,1,1,1,2, ,1,67,1,25,9,1957,1, , , , , , , , , , , , , , ,1, ,1221,4663,3,5,1, ,1,11,0,8,8,8,8,8,0,40, ,40,1, ,2, ,2,2,4,12000, , , , , , , , , , , , , , ,1,3,1,1,2, ,1,1,2, ,2, ,2, ,2, ,2, ,1,1,2, ,2, ,2, ,11,5, ,2,2,2,2,2,2,10,7,1,12000, , , , , , , ,1000,12000,12000,13000,1,919.572181931979
2025,05,24856,1,0072,1,1,202502248561007211,1,1,1,1,2, ,1,35,1,19,2,1990,1, , , , , , , , , , , , , , ,1, ,2212,8610,3,2, , ,5,9998,0,12,0,12,0,12,0,36,28,64,1, ,1,1,1,2,4,8500, , , ,4500, , , , , , , , , , ,1,1,1,1,2, ,2, ,2, ,2, ,2, ,2, ,2, ,1,1,2, ,2, ,2, ,12,2, ,2,2,2,2,2,2,10,7,1,8500, , , ,4500, , , , ,13000,8500,13000,1,969.988840345752
2025,04,2731801,1,0022,1,1,20250427318011002211,1,1,1,1,2, ,2,59,1,27,10,1965,1, , , , , , , , , , , , , , ,1, ,2411,6920,3,5,1, ,2,50,0,8,8,8,8,8,8,48,42,90,1, ,2, ,2,2,4,5000, , , , , ,6000, , , , , , , , ,1,3,1,1,2, ,1,1,2, ,2, ,2, ,2, ,2, ,1,1,2, ,2, ,2, ,12,2, ,2,2,2,2,2,2,10,4,1,5000, , , , ,6000, , ,1876,11000,5000,12876,1,975.518767435833
2025,05,25636,1,0040,1,1,202502256361004012,1,2,2,1,2, ,1,59,2,25,1,1966,1, , , , , , , , , , , , , , ,2, ,2311,8530,3,5,1, ,5,9998,0,8,8,8,8,8,0,40, ,40,1, ,2, ,2,2,4,9000, , , , , , , , , , , , , , ,1,1,1,1,2, ,2, ,2, ,2, ,2, ,2, ,2, ,1,1,2, ,2, ,2, ,12,2, ,2,2,2,2,2,2,10,9,1,9000, , , , , , , ,3666,9000,9000,12666,1,814.428779823916
2025,03,2640901,1,0008,1,1,20250326409011000812, ,2,2,1,2, ,1,59,2,19,2,1966,1, , , , , , , , , , , , , , ,2, ,1169,4711,3,5,1, ,5,9998,0,9,9,9,9,9,0,45, ,45,1, ,2, ,2,2,4,10000, , , , , , , , , , , , , , ,1,4,2, ,2, ,2, ,1,3,2, ,2, ,2, ,2, ,2, ,2, ,2, ,1,3,11,5, ,2,2,2,2,2,2,10,7,1,10000, , , , , , , ,2499,10000,10000,12499,1,833.463425393685
2025,03,29575,1,0008,1,1,202503295751000811, ,1,1,1,2, ,2,68,1,22,3,1956,1, , , , , , , , , , , , , , ,1, ,4110,6411,3,3, , ,5,9998,0,8,8,8,8,8,0,40, ,40,1, ,2, ,2,2,4,10000, , , , , , , , , , , , , , ,2,3,1,1,2, ,1,1,2, ,2, ,2, ,2, ,2, ,2, ,1,1,2, ,2, ,6,5, ,2,2,2,2,2,2,10,7,1,10000, , , , , , , ,2499,10000,10000,12499,1,870.823989971577
2025,05,2627701,1,0012,1,1,20240826277011001211,1,1,1,1,2, ,2,46,1,18,3,1979,1, , , , , , , , , , , , , , ,1, ,4110,6311,3,5,1, ,2,50,0,8,8,8,0,8,0,32, ,32,1, ,2, ,2,2,4,10000, , , , , , , , , , , , , , ,1,3,1,1,2, ,1,1,2, ,2, ,2, ,2, ,2, ,1,1,2, ,2, ,2, ,11,5, ,2,2,2,2,2,2,10,7,1,10000, , , , , , , ,2499,10000,10000,12499,1,782.168466552412
2025,05,1792901,1,0032,1,1,20240517929011003211,1,1,1,1,2, ,1,54,1,15,3,1971,1, , , , , , , , , , , , , , ,1, ,2212,8610,3,3, , ,5,9998,0,6,6,6,6,6,0,30, ,30,1, ,2, ,2,2,4,10000, , , , , , , , , , , , , , ,1,1,1,1,2, ,2, ,2, ,2, ,2, ,2, ,2, ,1,1,2, ,2, ,2, ,12,2, ,2,2,2,2,2,2,10,7,1,10000, , , , , , , ,2499,10000,10000,12499,1,399.93886391194
2025,05,2527102,1,0017,1,1,20250525271021001714,1,4,3,1,2, ,2,38,4,22,3,1987,1, , , , , , , , , , , , , , ,4, ,2411,8411,3,2, , ,5,9998,0,8,8,8,8,8,0,40, ,40,1, ,2, ,2,2,4,12000, , , , , , , , , , , , , , ,1,1,1,1,2, ,2, ,2, ,2, ,2, ,2, ,2, ,1,1,2, ,2, ,2, ,11,5, ,2,2,2,2,2,2,10,7,1,12000, , , , , , , ,75,12000,12000,12075,1,1638.09064529747
2025,03,2683602,1,0067,1,1,20241226836021006711,1,1,1,1,2, ,1,70,2,17,6,1954,1, , , , , , , , , , , , , , ,1, ,2211,8610,3,2, , ,5,9998,0,6,6,6,6,12,0,36,25,61,1, ,1,1,1,2,4,8000, , , , , ,4000, , , , , , , , ,1,1,1,1,2, ,2, ,2, ,2, ,2, ,2, ,2, ,2, ,1,1,2, ,2, ,12,2, ,2,2,2,2,2,2,10,7,1,8000, , , , ,4000, , ,50,12000,8000,12050,1,1080.06727028114
2025,03,25321,1,0136,1,1,202403253211013612,1,2,2,1,2, ,1,49,2,20,7,1975,1, , , , , , , , , , , , , , ,2, ,2141,8413,3,2, , ,5,998,0,8,8,8,8,8,0,40, ,40,1, ,2, ,2,1,4,12000, , , , , , , , , , , , , , ,1,1,1,1,2, ,2, ,2, ,2, ,2, ,2, ,2, ,1,1,2, ,2, ,2, ,12,2, ,2,2,2,2,2,1,10,7,1,12000, , , , , , , ,50,12000,12000,12050,1,997.905196222709
2025,05,2528301,1,0079,1,1,20240225283011007911,1,1,1,1,2, ,1,58,1,5,4,1967,1, , , , , , , , , , , , , , ,1, ,2142,8412,3,2, , ,5,9998,0,8,8,8,8,8,0,40, ,40,1, ,2, ,2,2,4,12000, , , , , , , , , , , , , , ,1,1,1,1,2, ,2, ,2, ,2, ,2, ,2, ,2, ,1,1,2, ,2, ,2, ,11,5, ,2,2,2,2,2,2,10,7,1,12000, , , , , , , ,50,12000,12000,12050,1,741.227136085066
2025,05,2528301,1,0036,1,1,20240225283011003611,1,1,1,1,2, ,1,51,1,5,3,1974,1, , , , , , , , , , , , , , ,1, ,2152,3312,3,5,1, ,2,50,0,8,8,8,8,8,0,40, ,40,1, ,2, ,2,2,4,9500, , , , , , , , , , , , , , ,1,3,1,1,2, ,1,1,2, ,2, ,2, ,2, ,2, ,1,1,2, ,2, ,2, ,11,5, ,2,2,2,2,2,2,10,7,1,9500, , , , , , , ,2376,9500,9500,11876,1,741.227136085066
2025,03,2704001,1,0007,1,1,20240627040011000711,1,1,1,1,2, ,1,47,2,16,1,1978,1, , , , , , , , , , , , , , ,1, ,2611,6512,3,5,1, ,5,9998,0,7,8,7,8,8,0,38, ,38,1, ,2, ,2,2,4,10000, , , , , , , , , , , , , , ,1,3,1,1,2, ,1,1,2, ,2, ,2, ,2, ,2, ,1,1,2, ,2, ,2, ,12,2, ,2,2,2,2,2,2,10,7,1,10000, , , , , , , ,1749,10000,10000,11749,1,502.21601590284
2025,05,2642402,1,0020,1,1,20250526424021002011,1,1,1,1,2, ,1,37,1,14,5,1988,1, , , , , , , , , , , , , , ,1, ,2212,8610,3,1, , ,5,1000,0,6,6,6,6,6,6,36,20,56,1, ,2, ,2,2,4,6000,20, , ,5000, , , , , , , , , , ,1,4,2, ,2, ,2, ,1,1,2, ,2, ,2, ,2, ,2, ,2, ,2, ,1,1,11,7, ,2,2,2,2,2,2,10,7,1,6000,600, , ,5000, , , ,50,11600,6600,11650,1,539.312389671399
2025,03,2819701,1,0118,1,1,20241228197011011811,1,1,1,1,2, ,1,50,1,10,3,1975,1, , , , , , , , , , , , , , ,1, ,7111,4100,2, ,2,2,1,6,0,8,8,8,8,8,8,48, ,48,1, ,2, ,2,2, , , , , , , , , , , , , , , , ,1,5,2, ,2, ,2, ,2, ,1,5,2, ,2, ,2, ,2, ,1,5,2, ,2, ,9,3, ,2,2,2,2,2,2,10,7,1, , ,11258, , , , , , ,11258,11258,11258,1,954.541147483185
2025,04,29034,1,0041,1,1,202504290341004115,1,5,3,1,2, ,1,52,5,10,1,1973,1, , , , , , , , , , , , , , ,5, ,4110,2630,3,5,1, ,5,9998,0,9,9,9,9,9,0,45, ,45,1, ,2, ,2,2,4,9000, , , , , , , , , , , , , , ,1,3,1,1,2, ,1,1,2, ,2, ,2, ,2, ,2, ,1,1,2, ,2, ,2, ,11,5, ,2,2,2,2,2,2,10,7,1,9000, , , , , , , ,2250,9000,9000,11250,1,944.8559379915
2025,05,2627701,1,0011,1,1,20240526277011001113,1,3,3,1,2, ,2,27,3,8,4,1998,1, , , , , , , , , , , , , , ,3, ,4110,8610,3,3, , ,5,9998,0,8,8,8,0,8,0,32, ,32,1, ,2, ,2,2,4,9000, , , , , , , , , , , , , , ,1,1,1,1,2, ,2, ,2, ,2, ,2, ,2, ,2, ,1,1,2, ,2, ,2, ,11,5, ,2,2,2,2,2,2,10,6,1,9000, , , , , , , ,2250,9000,9000,11250,1,1006.2215949659
2025,05,2683902,1,0025,1,1,20240526839021002511,1,1,1,1,2, ,1,42,1,4,10,1982,1, , , , , , , , , , , , , , ,1, ,2511,6419,3,5,1, ,5,9998,0,8,8,8,8,8,0,40, ,40,1, ,2, ,2,2,4,8500, , , , , , , , , , , , , , ,1,1,1,1,2, ,2, ,2, ,2, ,2, ,2, ,2, ,1,1,2, ,2, ,2, ,12,2, ,2,2,2,2,2,2,10,7,1,8500, , , , , , , ,2699,8500,8500,11199,1,1442.77241694754
2025,05,24545,1,0141,1,1,202502245451014112,1,2,2,1,2, ,1,39,2,15,6,1985,2,1, , , , , , , , , , , , , ,2, ,2152,3312,3,5,1, ,5,9998,0,0,0,0,0,0,0,0, ,48,2,48,2, ,2,2,4,7500,1100, , , , , , , , , , , , , ,1,3,1,1,2, ,1,1,2, ,2, ,2, ,2, ,2, ,1,1,2, ,2, ,2, ,11,5, ,2,2,2,2,2,2,10,7,1,7500,1100, , , , , , ,2500,8600,8600,11100,1,1565.224383344
2025,03,25321,1,0136,1,1,202403253211013611,1,1,1,1,2, ,2,35,1,22,6,1989,1, , , , , , , , , , , , , , ,1, ,2611,8413,3,2, , ,5,998,0,9,9,9,9,9,9,54, ,54,1, ,2, ,2,2,4,11000, , , , , , , , , , , , , , ,1,3,1,1,1,2,2, ,2, ,2, ,2, ,2, ,2, ,1,1,2, ,2, ,2, ,12,2, ,2,2,2,2,2,2,10,7,1,11000, , , , , , , ,50,11000,11000,11050,1,1182.55509681277
2025,03,2721101,1,0001,1,1,20250327211011000112,1,2,2,1,2, ,1,52,1,5,3,1973,1, , , , , , , , , , , , , , ,2, ,1111,8423,3,2, , ,5,9998,0,8,8,8,9,8,0,41, ,41,1, ,2, ,2,2,4,10000, , , , , , , , , , , , , , ,1,3,1,1,2, ,1,1,2, ,2, ,2, ,2, ,2, ,1,1,2, ,2, ,2, ,12,2, ,2,2,2,2,2,2,10,7,1,10000, , , , , , , ,1032,10000,10000,11032,1,965.9558043543
2025,04,29353,1,0015,1,1,202504293531001519,1,3,3,1,2, ,1,48,3,28,7,1976,1, , , , , , , , , , , , , , ,3, ,2411,6920,2, ,1, ,1,1,4,4,4,4,4,4,4,28, ,28,1, ,2, ,2,2, , , ,11000, , , , , , , , , , , , ,1,3,1,2,1,2,2, ,2, ,2, ,2, ,2, ,2, ,2, ,1,2,2, ,2, ,12,2, ,2,2,2,2,2,2,10,7,1, , ,11000, , , , , , ,11000,11000,11000,1,1206.09664680574
2025,03,2563101,1,0083,1,1,20241225631011008311,1,1,1,1,2, ,1,34,1,14,12,1990,1, , , , , , , , , , , , , , ,1, ,2211,8610,3,5,1, ,5,6000,0,6,12,0,6,0,6,30,29,59,1, ,2, ,2,1,4,5500,300, , ,4000, , , , , , , , , , ,1,3,1,1,2, ,1,1,2, ,2, ,2, ,2, ,2, ,1,1,2, ,2, ,2, ,11,7, ,2,2,2,2,2,2,10,7,1,5500,300, , ,4000, , , ,916,9800,5800,10716,1,1822.16237332129
2025,05,2528301,1,0035,1,1,20240225283011003511,1,1,1,1,2, ,2,40,1,10,10,1984,1, , , , , , , , , , , , , , ,1, ,4110,6810,3,5,1, ,1,10,0,8,8,8,8,8,0,40, ,40,1, ,2, ,2,2,4,8500, , , , , , , , , , , , , , ,1,3,1,1,1,2,2, ,2, ,2, ,2, ,2, ,2, ,1,1,2, ,2, ,2, ,11,5, ,2,2,2,2,2,2,10,7,1,8500, , , , , , , ,2124,8500,8500,10624,1,878.38196553263
2025,05,2683902,1,0027,1,1,20250526839021002711,1,1,1,1,2, ,1,65,3,19,9,1959,1, , , , , , , , , , , , , , ,1, ,2212,8620,3,5,1, ,1,18,0,8,8,8,8,8,5,45, ,45,1, ,2, ,2,2,4,8500, , , , , , , , , , , , , , ,1,1,1,1,2, ,2, ,2, ,2, ,2, ,2, ,2, ,1,1,2, ,2, ,2, ,11,7, ,2,2,2,2,2,2,10,7,1,8500, , , , , , , ,2124,8500,8500,10624,1,1185.35915693641
2025,05,22828,1,0078,1,1,202502228281007811,1,1,1,1,2, ,1,34,1,11,9,1990,1, , , , , , , , , , , , , , ,1, ,2421,4661,3,5,1, ,4,150,0,8,8,8,8,8,0,40, ,40,1, ,2, ,2,2,4,8200, , , , , , , , , , , , , , ,1,3,1,1,2, ,1,1,2, ,2, ,2, ,2, ,2, ,1,1,2, ,2, ,2, ,11,5, ,2,2,2,2,2,2,10,7,1,8200, , , , , , , ,2132,8200,8200,10332,1,1217.61052009974
2025,05,25262,1,0101,1,1,202405252621010111,1,1,1,1,2, ,1,36,1,30,1,1989,1, , , , , , , , , , , , , , ,1, ,2151,4220,3,5,1, ,5,998,0,10,8,8,10,8,0,44, ,44,1, ,2, ,2,2,4,8475, , , , , , , , , , , , , , ,1,3,1,1,2, ,1,1,2, ,2, ,2, ,2, ,2, ,1,1,2, ,2, ,2, ,11,5, ,2,2,2,2,2,2,10,7,1,8475, , , , , , , ,1667,8475,8475,10142,1,1801.53595159174
2025,04,2566001,1,0094,1,1,20240425660011009411,1,1,1,1,2, ,1,44,1,16,2,1981,1, , , , , , , , , , , , , , ,1, ,2221,8610,3,2, , ,5,9000,7,5,12,0,12,0,0,36,36,72,1, ,2, ,2,2,4,6000, , , ,4000, , , , , , , , , , ,1,1,1,1,2, ,2, ,2, ,2, ,2, ,2, ,2, ,2, ,1,1,2, ,2, ,11,5, ,2,2,2,2,2,2,10,1,1,6000, , , ,4000, , , ,83,10000,6000,10083,1,1186.11142388351
2025,05,19698,1,0008,1,1,202505196981000812,1,2,3,1,2, ,1,36,2,11,8,1988,1, , , , , , , , , , , , , , ,2, ,4110,8423,3,2, , ,5,9998,0,8,8,8,8,8,0,40,35,75,1, ,2, ,2,2,4,5000, , , ,5000, , , , , , , , , , ,1,3,1,1,2, ,1,1,2, ,2, ,2, ,2, ,2, ,1,1,2, ,2, ,2, ,11,5, ,2,2,2,2,2,2,10,7,1,5000, , , ,5000, , , ,50,10000,5000,10050,1,1326.89503875878
2025,03,26837,1,0102,1,1,202503268371010211, ,1,1,1,2, ,1,47,1,3,3,1978,1, , , , , , , , , , , , , , ,1, ,4416,4659,3,5,1, ,1,12,0,10,10,10,10,10,10,60, ,60,1, ,2, ,2,2,4,8000, , , , , , , , , , , , , , ,1,1,1,1,2, ,2, ,2, ,2, ,2, ,2, ,2, ,1,1,2, ,2, ,2, ,11,5, ,2,2,2,2,2,2,10,7,1,8000, , , , , , , ,2042,8000,8000,10042,1,1297.69276539884
2025,05,25327,1,0112,1,1,202402253271011211,1,1,1,1,2, ,1,57,1,15,5,1968,1, , , , , , , , , , , , , , ,1, ,2611,8411,3,2, , ,5,9998,0,8,8,8,8,8,0,40, ,40,1, ,2, ,2,2,4,8000, , , , , , , , , , , , , , ,1,1,1,1,2, ,2, ,2, ,2, ,2, ,2, ,2, ,1,1,2, ,2, ,2, ,12,2, ,2,2,2,2,2,2,10,7,1,8000, , , , , , , ,2026,8000,8000,10026,1,856.720179479078
2025,03,26141,1,0180,1,1,202503261411018011, ,1,1,1,2, ,1,40,2,11,3,1985,1, , , , , , , , , , , , , , ,1, ,4110,4100,3,5,1, ,5,9998,0,9,9,9,9,9,0,45, ,45,1, ,2, ,2,2,4,8000, , , , , , , , , , , , , , ,1,3,1,1,2, ,1,1,2, ,2, ,2, ,2, ,2, ,1,1,2, ,2, ,2, ,12,2, ,2,2,2,2,2,2,10,7,1,8000, , , , , , , ,2001,8000,8000,10001,1,946.494236665704
2025,03,26444,1,0063,1,1,202412264441006312,1,2,2,1,2, ,2,45,1,21,9,1979,1, , , , , , , , , , , , , , ,2, ,2211,8620,3,5,1, ,2,30,0,10,10,10,10,10,10,60, ,60,1, ,2, ,2,2,4,8000, , , , , , , , , , , , , , ,2,3,1,1,2, ,1,1,2, ,2, ,2, ,2, ,2, ,1,1,2, ,2, ,2, ,12,2, ,2,2,2,2,2,2,10,6,1,8000, , , , , , , ,2001,8000,8000,10001,1,1508.44729100115
2025,04,2671401,1,0053,1,1,20240126714011005311,1,2,2,1,2, ,1,70,2,4,10,1954,1, , , , , , , , , , , , , , ,2, ,1321,2220,3,5,1, ,3,60,0,8,8,8,8,8,0,40, ,40,1, ,2, ,2,2,4,8000, , , , , , , , , , , , , , ,1,1,1,1,2, ,2, ,2, ,2, ,2, ,2, ,2, ,1,1,2, ,2, ,2, ,11,5, ,2,2,2,2,2,2,10,7,1,8000, , , , , , , ,2001,8000,8000,10001,1,832.732067460816
2025,05,2627701,1,0011,1,1,20240526277011001112,1,2,2,1,2, ,2,62,2,11,6,1962,1, , , , , , , , , , , , , , ,2, ,2421,2220,3,5,1, ,2,30,0,8,8,8,0,8,0,32, ,40,2,40,2, ,2,2,4,8000, , , , , , , , , , , , , , ,1,1,1,1,2, ,2, ,2, ,2, ,2, ,2, ,2, ,1,1,2, ,2, ,2, ,11,5, ,2,2,2,2,2,2,10,7,1,8000, , , , , , , ,2001,8000,8000,10001,1,782.168466552412
2025,05,2672403,1,0101,1,1,20240526724031010112,1,2,2,1,2, ,2,53,2,6,7,1971,1, , , , , , , , , , , , , , ,2, ,1169,6010,3,5,1, ,4,101,0,8,8,8,0,8,0,32, ,40,2,40,2, ,2,2,4,8000, , , , , , , , , , , , , , ,1,1,1,1,2, ,2, ,2, ,2, ,2, ,2, ,2, ,1,1,2, ,2, ,2, ,11,5, ,2,2,2,2,2,2,10,6,1,8000, , , , , , , ,2001,8000,8000,10001,1,914.965935601529
2025,05,2485902,1,0047,1,1,20250524859021004711,1,1,1,1,2, ,1,30,2,19,7,1994,1, , , , , , , , , , , , , , ,1, ,2143,3510,3,5,1, ,5,1000,0,8,8,8,8,8,0,40, ,40,1, ,1,1,1,2,4,8000, , , , , , , , , , , , , , ,1,3,1,1,2, ,1,1,2, ,2, ,2, ,2, ,2, ,1,1,2, ,2, ,2, ,12,2, ,2,2,2,2,2,2,10,7,1,8000, , , , , , , ,2001,8000,8000,10001,1,761.441187147101
2025,03,27806,1,0083,1,1,202503278061008311, ,1,1,1,2, ,1,61,1,25,7,1963,1, , , , , , , , , , , , , , ,1, ,1133,6419,3,5,1, ,3,95,0,8,8,8,8,8,0,40, ,40,1, ,2, ,2,2,4,10000, , , , , , , , , , , , , , ,1,3,1,1,2, ,1,1,2, ,2, ,2, ,2, ,2, ,1,1,2, ,2, ,2, ,12,2, ,2,2,2,2,2,2,10,9,1,10000, , , , , , , , ,10000,10000,10000,1,938.992386245177
2025,03,21250,1,0095,1,1,202403212501009513,1,3,3,1,2, ,1,24,3,19,2,2001,1, , , , , , , , , , , , , , ,3, ,2631,6419,3,5,1, ,5,6000,0,8,8,8,8,8,0,40, ,40,1, ,1,1,1,2,4,7500, , , , , , , , , , , , , , ,1,3,1,1,2, ,1,1,2, ,2, ,2, ,2, ,2, ,1,1,2, ,2, ,2, ,11,5, ,2,2,2,2,2,2,10,7,1,7500, , , , , , , ,2500,7500,7500,10000,1,877.968101236046
2025,04,26517,1,0045,1,1,202401265171004511,1,1,1,1,2, ,1,68,2,3,11,1956,1, , , , , , , , , , , , , , ,1, ,1321,2825,1, ,1, ,1,7,2,8,8,8,8,8,3,45, ,45,1, ,2, ,2,2, , , ,10000, , , , , , , , , , , , ,1,1,1,5,2, ,2, ,2, ,2, ,2, ,2, ,2, ,1,5,2, ,2, ,2, ,11,5, ,2,2,2,2,2,2,10,7,1, , ,10000, , , , , , ,10000,10000,10000,1,1372.04587870984
2025,04,2645802,1,0013,1,1,20240126458021001311,1,1,1,1,2, ,1,70,2,4,3,1955,1, , , , , , , , , , , , , , ,1, ,1491,6820,1, ,1, ,1,12,0,9,9,9,9,9,6,51, ,51,1, ,2, ,2,2, , , , , , , , , , , , , , , , ,1,1,1,2,2, ,2, ,2, ,2, ,2, ,2, ,2, ,1,2,2, ,2, ,2, ,11,5, ,2,2,2,2,2,2,10,7,1, , ,10000, , , , , , ,10000,10000,10000,1,845.051010139497
2025,05,2642402,1,0018,1,1,20250526424021001811,1,1,1,1,2, ,1,42,2,29,5,1982,1, , , , , , , , , , , , , , ,1, ,1133,4100,1, ,1, ,1,11,0,9,9,9,9,9,4,49, ,49,1, ,2, ,2,2, , , ,10000, , , , , , , , , , , , ,2,3,1,2,2, ,1,2,2, ,2, ,2, ,2, ,2, ,1,2,2, ,2, ,2, ,11,5, ,2,2,2,2,2,2,10,6,1, , ,10000, , , , , , ,10000,10000,10000,1,539.312389671399
2025,05,26700,1,0065,1,1,202505267001006511,1,1,1,1,2, ,1,31,1,3,3,1994,1, , , , , , , , , , , , , , ,1, ,2141,6202,3,5,1, ,3,60,0,8,8,8,8,15,0,47, ,47,2,40,2, ,2,1,4,10000, , , , , , , , , , , , , , ,1,2,2, ,1,2,2, ,2, ,2, ,2, ,2, ,2, ,1,5,2, ,2, ,2, ,11,5, ,2,2,2,2,2,2,12,7,1,10000, , , , , , , , ,10000,10000,10000,1,1711.14595465178
2025,05,2443802,1,0042,1,1,20240524438021004214,1,4,7,1,2, ,1,59,4,29,9,1965,1, , , , , , , , , , , , , , ,4, ,3314,2511,1, ,1, ,1,4,0,8,8,8,8,8,8,48, ,48,1, ,2, ,2,2, , , ,10000, , , , , , , , , , , , ,1,5,2, ,2, ,2, ,2, ,1,5,2, ,2, ,2, ,2, ,2, ,2, ,2, ,11,5, ,2,2,2,2,2,2,10,7,1, , ,10000, , , , , , ,10000,10000,10000,1,815.259593201718
2025,05,23496,1,0011,1,1,202505234961001111,1,1,1,1,2, ,1,66,1,2,5,1959,1, , , , , , , , , , , , , , ,1, ,2151,7120,3,5,1, ,2,50,0,8,8,8,8,8,5,45, ,45,1, ,2, ,2,2,4,10000, , , , , , , , , , , , , , ,1,1,1,5,2, ,2, ,2, ,2, ,2, ,2, ,2, ,1,5,2, ,2, ,2, ,11,5, ,2,2,2,2,2,2,10,7,1,10000, , , , , , , , ,10000,10000,10000,1,998.53661795102
2025,05,25131,1,0066,1,1,202405251311006611,1,1,1,1,2, ,1,55,1,20,1,1970,1, , , , , , , , , , , , , , ,1, ,3314,4923,1, ,1, ,1,6,0,12,12,12,12,12,0,60, ,60,1, ,2, ,2,2, , , ,10000, , , , , , , , , , , , ,1,5,2, ,2, ,2, ,2, ,1,5,2, ,2, ,2, ,1,5,2, ,2, ,2, ,9,3, ,2,2,2,2,2,2,10,7,1, , ,10000, , , , , , ,10000,10000,10000,1,676.139377241078
2025,03,2721101,1,0001,1,1,20241227211011000111,1,1,1,1,2, ,2,43,1,21,6,1981,1, , , , , , , , , , , , , , ,1, ,1111,8423,3,2, , ,5,9990,0,8,8,8,8,8,5,45, ,45,1, ,2, ,2,2,4,9000, , , , , , , , , , , , , , ,1,3,1,1,1,2,1,1,2, ,2, ,2, ,2, ,2, ,1,1,2, ,2, ,2, ,12,2, ,2,2,2,2,2,2,10,7,1,9000, , , , , , , ,949,9000,9000,9949,1,1144.69386877521
2025,04,27698,1,0087,1,1,202504276981008711,1,1,1,1,2, ,1,42,1,12,12,1982,1, , , , , , , , , , , , , , ,1, ,2611,6910,3,5,1, ,1,2,8,10,10,0,0,10,10,48, ,48,1, ,2, ,2,2,4,8500, , , , , , , , , , , , , , ,1,1,1,1,2, ,2, ,2, ,2, ,2, ,2, ,2, ,2, ,1,1,2, ,2, ,11,5, ,2,2,2,2,2,2,10,7,1,8500, , , , , , , ,1416,8500,8500,9916,1,1000.57962161803
2025,04,27698,1,0087,1,1,202504276981008712,1,2,6,1,2, ,1,64,2,7,12,1960,1, , , , , , , , , , , , , , ,2, ,2631,6910,3,5,1, ,1,2,8,10,10,0,0,10,10,48, ,48,1, ,2, ,2,2,4,8500, , , , , , , , , , , , , , ,1,1,1,1,2, ,2, ,2, ,2, ,2, ,2, ,2, ,1,1,2, ,2, ,2, ,11,5, ,2,2,2,2,2,2,10,7,1,8500, , , , , , , ,1416,8500,8500,9916,1,822.060501571142
2025,04,27698,1,0089,1,1,202504276981008912,1,2,2,1,2, ,2,68,2,10,5,1956,1, , , , , , , , , , , , , , ,2, ,2211,8610,3,2, , ,5,502,0,12,6,12,6,12,6,54, ,54,1, ,2, ,2,2,4,9800, , , , , , , , , , , , , , ,1,1,1,1,2, ,2, ,2, ,2, ,2, ,2, ,2, ,1,1,2, ,2, ,2, ,11,7, ,2,2,2,2,2,2,10,7,1,9800, , , , , , , ,50,9800,9800,9850,1,757.255700643884
2025,03,25542,1,0008,1,1,202403255421000812,1,2,2,1,2, ,1,41,1,11,8,1983,1, , , , , , , , , , , , , , ,2, ,2611,6910,3,5,1, ,2,40,0,12,12,12,12,12,0,60, ,60,1, ,2, ,2,2,4,8000, , , , , , , , , , , , , , ,1,2,2, ,1,1,2, ,2, ,2, ,2, ,2, ,2, ,1,1,2, ,2, ,2, ,11,6, ,2,2,2,2,2,2,10,7,1,8000, , , , , , , ,1667,8000,8000,9667,1,940.615390364376
2025,05,17935,2,0082,1,1,202505179352008211,1,1,1,1,2, ,1,58,2,25,8,1966,1, , , , , , , , , , , , , , ,1, ,8343,5022,3,5,1, ,3,80,16,16,16,16,16,16,16,112, ,112,1, ,2, ,2,2,4,7000,180, , , , , , , , , , , , , ,1,1,1,1,2, ,2, ,2, ,2, ,2, ,2, ,2, ,1,1,2, ,2, ,2, ,9,3, ,2,2,2,2,2,2,10,7,1,7000,779, , , , , , ,1749,7779,7779,9528,1,531.800809896061
2025,03,2559402,1,0077,1,1,20250325594021007711, ,1,1,1,2, ,1,54,1,23,7,1970,1, , , , , , , , , , , , , , ,1, ,2211,8610,3,2, , ,5,9000,12,0,0,12,0,0,12,36,32,68,1, ,1,1,1,2,4,5000, , , ,4000, , , , , , , , , , ,1,1,1,1,2, ,2, ,2, ,2, ,2, ,2, ,2, ,1,1,2, ,2, ,2, ,11,7, ,2,2,2,2,2,2,10,7,1,5000, , , ,4000, , , ,375,9000,5000,9375,1,717.087443385729
2025,03,29468,1,0063,1,1,202412294681006311,1,1,1,1,2, ,2,53,1,3,11,1971,1, , , , , , , , , , , , , , ,1, ,1219,4641,3,5,1, ,2,30,0,9,9,9,9,9,0,45, ,45,1, ,1,1,1,2,4,8000, , , , , , , , , , , , , , ,1,1,1,1,2, ,2, ,2, ,2, ,2, ,2, ,2, ,1,1,2, ,2, ,2, ,11,5, ,2,2,2,2,2,2,10,7,1,8000, , , , , , , ,1334,8000,8000,9334,1,781.527322539933
2025,05,2699804,2,0072,1,1,20250526998042007211,1,1,1,1,2, ,2,48,1,11,6,1976,1, , , , , , , , , , , , , , ,1, ,2311,8530,3,5,1, ,3,60,0,8,8,8,8,8,0,40, ,40,1, ,2, ,2,2,4,8000, , , , , , , , , , , , , , ,1,1,1,1,2, ,2, ,2, ,2, ,2, ,2, ,2, ,1,1,2, ,2, ,2, ,12,2, ,2,2,2,2,2,2,10,7,1,8000, , , , , , , ,1334,8000,8000,9334,1,659.628740167677
2025,05,22385,1,0126,1,1,202408223851012611,1,1,1,1,2, ,1,39,2,16,7,1985,1, , , , , , , , , , , , , , ,1, ,2212,8610,3,3, , ,5,9998,0,8,8,8,8,8,8,48, ,48,1, ,1,1,1,2,4,7000, , , , , , , , , , , , , , ,1,1,1,1,2, ,2, ,2, ,2, ,2, ,2, ,2, ,1,1,2, ,2, ,2, ,11,7, ,2,2,2,2,2,2,10,7,1,7000, , , , , , , ,2282,7000,7000,9282,1,1401.2302499346
2025,05,25705,1,0041,1,1,202402257051004111,1,1,1,1,2, ,1,54,1,21,6,1970,1, , , , , , , , , , , , , , ,1, ,4110,1709,3,5,1, ,5,2000,0,8,8,8,0,8,0,32, ,48,2,48,1,1,1,2,4,6000,250, , , , , , , , , , , , , ,1,1,1,1,2, ,2, ,2, ,2, ,2, ,2, ,2, ,1,1,2, ,2, ,2, ,8,2, ,2,2,2,2,2,2,10,1,1,6000,1083, , , , , , ,2182,7083,7083,9265,1,713.164766417402
2025,03,20911,1,0088,1,1,202312209111008811,1,1,1,1,2, ,1,46,1,25,6,1978,1, , , , , , , , , , , , , , ,1, ,2631,8413,3,2, , ,5,9998,0,8,8,8,8,8,0,40, ,40,1, ,2, ,2,2,4,9000, , , , , , , , , , , , , , ,1,3,1,1,2, ,1,1,2, ,2, ,2, ,2, ,2, ,1,1,2, ,2, ,2, ,12,2, ,2,2,2,2,2,2,10,7,1,9000, , , , , , , ,50,9000,9000,9050,1,1727.66457297017
2025,04,17842,1,0070,1,1,202404178421007012,1,2,3,1,2, ,1,36,2,27,11,1988,1, , , , , , , , , , , , , , ,2, ,2211,8610,3,2, , ,5,9998,0,8,8,0,0,8,8,32, ,48,2,48,2, ,2,2,4,9000, , , , , , , , , , , , , , ,1,1,1,1,2, ,2, ,2, ,2, ,2, ,2, ,2, ,2, ,1,1,2, ,2, ,11,7, ,2,2,2,2,2,2,10,7,1,9000, , , , , , , ,50,9000,9000,9050,1,322.847476368085
2025,04,2565602,1,0144,1,1,20250425656021014411,1,1,1,1,2, ,2,27,1,21,2,1998,1, , , , , , , , , , , , , , ,1, ,2212,8610,3,2, , ,5,9000,0,6,6,6,0,0,6,24,25,66,2,66,2, ,2,2,4,6000, , , ,3000, , , , , , , , , , ,1,1,1,1,2, ,2, ,2, ,2, ,2, ,2, ,2, ,1,1,2, ,2, ,2, ,11,7, ,2,2,2,2,2,2,10,7,1,6000, , , ,3000, , , ,50,9000,6000,9050,1,1272.42242426208
2025,05,21227,1,0054,1,1,202502212271005411,1,1,1,1,2, ,1,52,1,16,10,1972,1, , , , , , , , , , , , , , ,1, ,2611,8411,3,2, , ,5,9998,0,8,8,8,8,8,0,40, ,40,1, ,2, ,2,2,4,9000, , , , , , , , , , , , , , ,1,1,1,1,2, ,2, ,2, ,2, ,2, ,2, ,2, ,1,1,2, ,2, ,2, ,12,2, ,2,2,2,2,2,2,10,7,1,9000, , , , , , , ,50,9000,9000,9050,1,784.942648388843
2025,05,23496,1,0009,1,1,202505234961000912,1,2,2,1,2, ,1,62,2,18,5,1963,1, , , , , , , , , , , , , , ,2, ,2311,8530,3,2, , ,5,9998,0,6,8,8,8,6,3,39,13,52,1, ,2, ,2,2,4,5000, , , ,4000, , , , , , , , , , ,1,1,1,1,2, ,2, ,2, ,2, ,2, ,2, ,2, ,1,1,2, ,2, ,2, ,12,2, ,2,2,2,2,2,2,10,7,1,5000, , , ,4000, , , ,50,9000,5000,9050,1,998.53661795102
2025,03,1828802,1,0040,1,1,20241218288021004011,1,1,1,1,2, ,1,54,1,14,12,1970,1, , , , , , , , , , , , , , ,1, ,2421,8413,3,2, , ,5,9998,0,8,8,8,8,8,0,40, ,40,1, ,1,1,1,2,4,9000, , , , , , , , , , , , , , ,1,6,2, ,2, ,2, ,2, ,2, ,2, ,2, ,2, ,2, ,2, ,2, ,2, ,12,2, ,2,2,2,2,2,2,10,7,1,9000, , , , , , , , ,9000,9000,9000,1,421.814361036577
2025,04,24241,1,0079,1,1,202504242411007911,1,1,1,1,2, ,2,52,1,5,12,1972,1, , , , , , , , , , , , , , ,1, ,3314,1071,1, ,2,1,1,5,9,9,9,9,9,9,9,63, ,63,1, ,2, ,2,2, , , , , , , , , , , , , , , , ,2,5,2, ,2, ,2, ,2, ,1,4,2, ,2, ,2, ,2, ,2, ,2, ,2, ,10,1, ,2,2,2,2,2,2,10,7,1, , ,9000, , , , , , ,9000,9000,9000,1,780.619203231411
2025,05,2721702,1,0007,1,1,20240227217021000711,1,1,1,1,2, ,1,52,1,14,6,1972,1, , , , , , , , , , , , , , ,1, ,1322,3312,1, ,1, ,1,2,0,10,10,10,10,10,6,56, ,56,1, ,1,1,1,2, , , ,9000, , , , , , , , , , , , ,1,1,1,2,2, ,2, ,2, ,2, ,2, ,2, ,2, ,1,2,2, ,2, ,2, ,11,5, ,2,2,2,2,2,2,10,7,1, , ,9000, , , , , , ,9000,9000,9000,1,814.836081680658
2025,05,2946101,1,0013,1,1,20240229461011001311,1,1,1,1,2, ,1,66,1,18,4,1959,1, , , , , , , , , , , , , , ,1, ,4321,5222,3,5,1, ,5,9998,10,10,10,9,0,0,9,48, ,48,1, ,2, ,2,2,4,6800, , , , , , , , , , , , , , ,1,3,1,1,2, ,1,1,2, ,2, ,2, ,2, ,2, ,2, ,1,1,2, ,2, ,9,3, ,2,2,2,2,2,2,10,7,1,6800, , , , , , , ,2168,6800,6800,8968,1,1096.45331891706
2025,04,2731801,1,0023,1,1,20250127318011002311,1,1,1,1,2, ,1,51,1,23,6,1973,1, , , , , , , , , , , , , , ,1, ,2512,6419,3,5,1, ,5,7000,0,8,8,8,8,8,0,40, ,40,1, ,2, ,2,2,4,6000,300, , , , , , , , , , , , , ,1,1,1,1,2, ,2, ,2, ,2, ,2, ,2, ,2, ,1,1,2, ,2, ,2, ,11,5, ,2,2,2,2,2,2,10,5,1,6000,300, , , , , , ,2605,6300,6300,8905,1,1059.00219248068
2025,05,19968,1,0016,1,1,202505199681001612,1,2,2,1,2, ,2,40,2,16,1,1985,1, , , , , , , , , , , , , , ,2, ,2311,8530,3,5,1, ,5,1000,0,5,5,5,5,5,5,30, ,30,1, ,2, ,2,2,4,6500, , , , , , , , , , , , , , ,1,3,1,1,2, ,1,1,2, ,2, ,2, ,2, ,2, ,1,1,2, ,2, ,2, ,12,2, ,2,2,2,2,2,2,10,7,1,6500, , , , , , , ,2376,6500,6500,8876,1,738.730560010982
2025,05,24230,1,0016,1,1,202505242301001611,1,1,1,1,2, ,1,40,1,19,6,1984,1, , , , , , , , , , , , , , ,1, ,3143,2011,3,5,1, ,5,3000,0,2,9,9,9,0,0,29, ,45,2,45,2, ,2,2,4,6600, , , , , , , , , , , , , , ,1,3,1,1,2, ,1,1,2, ,2, ,2, ,2, ,2, ,1,1,2, ,2, ,2, ,11,5, ,2,2,2,2,2,2,10,7,1,6600, , , , , , , ,2167,6600,6600,8767,1,1208.88697990518
2025,03,27110,1,0067,1,1,202503271101006711,1,1,1,1,2, ,1,35,1,8,5,1989,1, , , , , , , , , , , , , , ,1, ,4110,7110,3,5,1, ,2,30,0,9,9,9,9,9,0,45,6,51,1, ,2, ,2,2,4,5000, , , , , ,2500, , , , , , , , ,1,3,1,1,2, ,1,1,2, ,2, ,2, ,2, ,2, ,1,1,2, ,2, ,2, ,11,5, ,2,2,2,2,2,2,10,6,1,5000, , , , ,2500, , ,1251,7500,5000,8751,1,1009.54541746182
2025,03,2640701,1,0170,1,1,20250326407011017012, ,2,2,1,2, ,1,45,1,1,11,1979,1, , , , , , , , , , , , , , ,2, ,2511,4322,3,5,1, ,2,50,0,15,15,15,15,15,15,90, ,90,1, ,1,1,1,1,4,7000, , , , , , , , , , , , , , ,1,3,1,1,2, ,1,1,2, ,2, ,2, ,2, ,2, ,1,1,2, ,2, ,2, ,12,2, ,2,2,2,2,2,2,10,7,1,7000, , , , , , , ,1749,7000,7000,8749,1,947.730222764583
2025,04,2655102,1,0047,1,1,20250426551021004712,1,2,3,1,2, ,2,29,1,24,11,1995,1, , , , , , , , , , , , , , ,2, ,2611,6910,3,5,1, ,1,20,0,8,8,8,0,0,0,24, ,40,2,40,2, ,2,2,4,7000, , , , , , , , , , , , , , ,2,1,1,1,2, ,2, ,2, ,2, ,2, ,2, ,2, ,2, ,1,1,2, ,2, ,12,2, ,2,2,2,2,2,2,10,8,1,7000, , , , , , , ,1749,7000,7000,8749,1,1083.65358914714
2025,05,18294,1,0008,1,1,202402182941000811,1,1,1,1,2, ,1,52,1,10,3,1973,1, , , , , , , , , , , , , , ,1, ,6223,311,3,5,1, ,5,501,0,12,12,12,0,12,0,48, ,48,1, ,2, ,2,2,4,7000, , , , , , , , , , , , , , ,2,1,1,1,2, ,2, ,2, ,2, ,2, ,2, ,2, ,1,1,2, ,2, ,2, ,10,2, ,2,2,2,2,2,2,10,7,1,7000, , , , , , , ,1749,7000,7000,8749,1,376.531995514692
2025,05,26136,1,0101,1,1,202505261361010111,1,1,1,1,2, ,1,54,1,20,1,1971,1, , , , , , , , , , , , , , ,1, ,1169,4321,3,5,1, ,1,12,0,10,10,10,0,10,5,45, ,55,2,55,2, ,2,2,4,7000, , , , , , , , , , , , , , ,1,1,1,1,2, ,2, ,2, ,2, ,2, ,2, ,2, ,1,1,2, ,2, ,2, ,12,2, ,2,2,2,2,2,2,10,7,1,7000, , , , , , , ,1749,7000,7000,8749,1,1387.03208624995
2025,05,2485902,1,0045,1,1,20250524859021004511,1,1,1,1,2, ,1,33,1,4,8,1991,1, , , , , , , , , , , , , , ,1, ,4419,8411,3,2, , ,5,9998,0,8,8,8,8,8,0,40, ,40,1, ,2, ,2,2,4,7000, , , , , , , , , , , , , , ,1,1,1,1,2, ,2, ,2, ,2, ,2, ,2, ,2, ,1,1,2, ,2, ,2, ,6,5, ,2,2,2,2,2,2,10,7,1,7000, , , , , , , ,1749,7000,7000,8749,1,761.441187147101
2025,05,19968,1,0014,1,1,202505199681001411,1,1,1,1,2, ,1,48,1,14,3,1977,1, , , , , , , , , , , , , , ,1, ,4110,1104,3,5,1, ,5,1000,0,8,8,8,8,8,0,40, ,40,1, ,2, ,2,2,4,7000, , , , , , , , , , , , , , ,1,3,1,1,2, ,1,1,2, ,2, ,2, ,2, ,2, ,1,1,2, ,2, ,2, ,11,5, ,2,2,2,2,2,2,10,7,1,7000, , , , , , , ,1749,7000,7000,8749,1,623.381579793052
2025,05,28984,1,0016,1,1,202405289841001611,1,2,2,1,2, ,2,46,2,6,8,1978,1, , , , , , , , , , , , , , ,2, ,2411,5229,3,5,1, ,4,160,0,9,9,9,9,9,0,45, ,45,1, ,2, ,2,2,4,6330, , , , , , , , , , , , , , ,1,3,1,1,2, ,1,1,2, ,2, ,2, ,2, ,2, ,1,1,2, ,2, ,2, ,11,5, ,2,2,2,2,2,2,10,6,1,6330, , , , , , , ,2387,6330,6330,8717,1,752.587890307584
2025,05,2683902,1,0026,2,1,20240826839021002621,1,1,1,1,2, ,1,60,1,2,7,1964,1, , , , , , , , , , , , , , ,1, ,2151,2610,3,5,1, ,4,200,0,8,8,8,8,8,5,45, ,45,1, ,2, ,2,2,4,6500, , , , , , , , , , , , , , ,1,1,1,1,2, ,2, ,2, ,2, ,2, ,2, ,2, ,1,1,2, ,2, ,2, ,12,2, ,2,2,2,2,2,2,10,7,1,6500, , , , , , , ,2168,6500,6500,8668,1,1185.35915693641
2025,03,1783901,1,0052,1,1,20240317839011005211,1,1,1,1,2, ,2,48,1,20,3,1976,1, , , , , , , , , , , , , , ,1, ,5120,5630,2, ,3,2,1,2,0,8,8,8,8,8,8,48,18,66,1, ,2, ,2,2, , , , , , , ,200,100, , , , , , , ,1,5,2, ,2, ,2, ,2, ,1,5,2, ,2, ,2, ,2, ,2, ,2, ,2, ,8,1, ,2,2,2,2,2,2,10,7,1, , ,8250,87, ,200, ,100, ,8637,8337,8637,1,300.040547065166
2025,05,21352,1,0053,1,1,202505213521005311,1,1,1,1,2, ,2,35,1,15,9,1989,1, , , , , , , , , , , , , , ,1, ,5142,9602,3,5,2,2,1,4,10,10,0,10,10,10,10,60,2,70,2,70,1,1,1,2,1,187, , , , , ,3000, , , , , , , , ,1,5,2, ,2, ,2, ,2, ,1,5,2, ,2, ,2, ,2, ,2, ,2, ,2, ,6,5, ,2,2,2,2,2,2,10,7,1,5610, , , , ,3000, , , ,8610,5610,8610,1,1044.02487310616
2025,05,19968,1,0014,1,1,202505199681001412,1,2,2,1,2, ,2,42,2,6,5,1983,1, , , , , , , , , , , , , , ,2, ,5221,4659,3,5,1, ,3,55,0,8,8,8,8,8,0,40, ,40,1, ,2, ,2,2,4,6000,700, , , , , , , , , , , , , ,1,3,1,1,2, ,1,1,2, ,2, ,2, ,2, ,2, ,1,1,2, ,2, ,2, ,11,5, ,2,2,2,2,2,2,10,6,1,6000,1033, , , , , , ,1500,7033,7033,8533,1,738.730560010982
2025,03,21672,1,0124,1,1,202403216721012413,1,3,3,1,2, ,1,34,3,18,9,1990,1, , , , , , , , , , , , , , ,3, ,2212,8610,3,3, , ,5,1000,0,0,12,0,0,12,0,24,8,48,2,48,2, ,2,2,4,6500, , , ,2000, , , , , , , , , , ,1,1,1,1,2, ,2, ,2, ,2, ,2, ,2, ,2, ,2, ,1,1,2, ,2, ,11,7, ,2,2,2,2,2,2,10,7,1,6500, , , ,2000, , , , ,8500,6500,8500,1,890.744321784661
2025,05,2699002,1,0068,1,1,20240526990021006811,1,1,1,1,2, ,1,46,2,7,11,1978,1, , , , , , , , , , , , , , ,1, ,1211,5229,3,5,1, ,4,200,0,8,8,8,8,8,0,40, ,40,1, ,2, ,2,2,4,8500, , , , , , , , , , , , , , ,1,1,1,1,2, ,2, ,2, ,2, ,2, ,2, ,2, ,1,1,2, ,2, ,2, ,11,5, ,2,2,2,2,2,2,10,7,1,8500, , , , , , , , ,8500,8500,8500,1,852.982456707865
2025,04,26219,1,0032,1,1,202401262191003212,1,2,3,1,2, ,1,38,2,24,6,1986,1, , , , , , , , , , , , , , ,2, ,2330,8521,3,5,1, ,4,400,0,8,8,8,0,8,0,32,3,35,1, ,1,1,1,2,4,8000, , , ,270, , , , , , , , , , ,1,2,2, ,1,1,2, ,2, ,2, ,2, ,2, ,2, ,1,1,2, ,2, ,2, ,12,2, ,2,2,2,2,2,2,10,7,1,8000, , , ,270, , , , ,8270,8000,8270,1,1181.9166600692
2025,04,1969701,1,0027,1,1,20240119697011002711,1,1,1,1,2, ,1,39,1,12,12,1985,1, , , , , , , , , , , , , , ,1, ,2142,4100,3,5,1, ,3,100,0,8,8,8,8,8,8,48, ,48,1, ,2, ,2,2,4,6000,1000, , , , , , , , , , , , , ,1,1,1,1,2, ,2, ,2, ,2, ,2, ,2, ,2, ,1,1,2, ,2, ,2, ,11,5, ,2,2,2,2,2,2,10,7,1,6000,1000, , , , , , ,1233,7000,7000,8233,1,1353.12246209317
2025,04,46816,1,0034,1,1,202401468161003411,1,1,1,1,2, ,1,44,1,23,5,1980,1, , , , , , , , , , , , , , ,1, ,3213,4772,2, ,2,1,1,2,0,12,12,12,12,12,0,60,24,84,1, ,2, ,2,2, , , , , , , ,2000, , , , , , , , ,1,5,2, ,2, ,2, ,2, ,1,5,2, ,2, ,2, ,2, ,2, ,2, ,2, ,9,3, ,2,2,2,2,2,2,10,7,1, , ,6200, , ,2000, , , ,8200,6200,8200,1,1348.8684452434
2025,05,1962301,1,0037,1,1,20240519623011003711,1,1,1,1,2, ,1,39,1,22,8,1985,1, , , , , , , , , , , , , , ,1, ,4110,4659,3,5,1, ,5,9998,0,8,8,8,8,8,8,48, ,48,1, ,2, ,2,2,4,6000, , , , , , , , , , , , , , ,1,1,1,1,2, ,2, ,2, ,2, ,2, ,2, ,2, ,1,1,2, ,2, ,2, ,11,5, ,2,2,2,2,2,2,10,7,1,6000, , , , , , , ,2167,6000,6000,8167,1,1152.5924822288
2025,03,2391701,1,0244,1,1,20241223917011024411,1,1,1,1,2, ,1,32,2,17,6,1992,1, , , , , , , , , , , , , , ,1, ,2151,3510,3,5,1, ,4,150,0,8,8,8,8,8,0,40, ,40,1, ,2, ,2,2,4,6500, , , , , , , , , , , , , , ,1,3,1,1,2, ,1,1,2, ,2, ,2, ,2, ,2, ,1,1,2, ,2, ,2, ,12,2, ,2,2,2,2,2,2,10,7,1,6500, , , , , , , ,1626,6500,6500,8126,1,793.105398388545
2025,05,25903,1,0029,1,1,202405259031002912,1,2,3,1,2, ,1,37,2,5,2,1988,1, , , , , , , , , , , , , , ,2, ,2142,4100,3,5,1, ,1,17,0,9,10,8,10,11,6,54, ,54,2,48,2, ,2,2,4,6500, , , , , , , , , , , , , , ,1,1,1,1,2, ,2, ,2, ,2, ,2, ,2, ,2, ,1,1,2, ,2, ,2, ,11,5, ,2,2,2,2,2,2,10,7,1,6500, , , , , , , ,1626,6500,6500,8126,1,865.543268164012
2025,05,2018302,1,0099,1,1,20240220183021009911,1,1,1,1,2, ,1,50,1,22,10,1974,1, , , , , , , , , , , , , , ,1, ,9411,5610,1, ,3,2,1,4,10,0,8,10,8,10,10,56, ,56,1, ,2, ,2,2, , , , , , , , , , , , , , , , ,1,5,2, ,2, ,2, ,2, ,1,5,2, ,2, ,2, ,2, ,2, ,2, ,2, ,6,5, ,2,2,2,2,2,2,1,1,1, , ,7825,260, , , , , ,8085,8085,8085,1,1182.66991643741
2025,05,20438,1,0012,1,1,202505204381001214,1,3,7,1,2, ,1,42,1,8,8,1982,1, , , , , , , , , , , , , , ,3, ,1111,8423,3,2, , ,5,9000,0,8,8,8,8,8,0,40, ,40,1, ,2, ,2,2,4,8000, , , , , , , , , , , , , , ,1,1,1,1,2, ,2, ,2, ,2, ,2, ,2, ,2, ,1,1,2, ,2, ,2, ,11,6, ,2,2,2,2,2,2,10,7,1,8000, , , , , , , ,83,8000,8000,8083,1,1290.62361397842
2025,05,22385,1,0126,1,1,202408223851012612,1,2,2,1,2, ,2,33,2,27,4,1992,1, , , , , , , , , , , , , , ,2, ,2211,8610,3,3, , ,5,9998,0,8,8,8,8,8,8,48, ,48,1, ,2, ,2,2,4,7000, , , , , , , , , , , , , , ,1,1,1,1,2, ,2, ,2, ,2, ,2, ,2, ,2, ,1,1,2, ,2, ,2, ,11,7, ,2,2,2,2,2,2,10,7,1,7000, , , , , , , ,1083,7000,7000,8083,1,1364.24927818744
2025,03,18391,1,0069,1,1,202412183911006914,1,4,3,1,2, ,1,52,4,18,10,1972,1, , , , , , , , , , , , , , ,4, ,4416,8411,3,2, , ,5,9998,0,8,8,8,8,8,0,40, ,40,1, ,2, ,2,2,4,8000, , , , , , , , , , , , , , ,1,1,1,1,2, ,2, ,2, ,2, ,2, ,2, ,2, ,2, ,1,1,2, ,2, ,12,2, ,2,2,2,2,2,2,10,7,1,8000, , , , , , , ,50,8000,8000,8050,1,340.13952166847
2025,03,18482,1,0010,1,1,202312184821001011,1,1,1,1,2, ,1,71,1,29,10,1953,1, , , , , , , , , , , , , , ,1, ,2211,8610,3,2, , ,5,9998,0,12,0,12,0,12,0,36, ,36,1, ,2, ,2,2,4,8000, , , , , , , , , , , , , , ,1,1,1,1,2, ,2, ,2, ,2, ,2, ,2, ,2, ,1,1,2, ,2, ,2, ,12,2, ,2,2,2,2,2,2,10,7,1,8000, , , , , , , ,50,8000,8000,8050,1,690.90840293084
2025,03,49910,1,0250,1,1,202403499101025011,1,1,1,1,2, ,1,52,1,4,9,1972,1, , , , , , , , , , , , , , ,1, ,2631,8411,3,2, , ,5,9998,0,8,8,8,8,8,0,40, ,40,1, ,2, ,2,2,4,8000, , , , , , , , , , , , , , ,1,1,1,1,2, ,2, ,2, ,2, ,2, ,2, ,2, ,1,1,2, ,2, ,2, ,12,2, ,2,2,2,2,2,2,10,9,1,8000, , , , , , , ,50,8000,8000,8050,1,805.273550732724
2025,03,49910,1,0250,1,1,202403499101025012,1,2,2,1,2, ,2,48,2,4,8,1976,1, , , , , , , , , , , , , , ,2, ,2611,8411,3,2, , ,5,9998,0,8,8,8,8,8,0,40, ,40,1, ,2, ,2,2,4,8000, , , , , , , , , , , , , , ,1,1,1,1,2, ,2, ,2, ,2, ,2, ,2, ,2, ,1,1,2, ,2, ,2, ,12,2, ,2,2,2,2,2,2,10,7,1,8000, , , , , , , ,50,8000,8000,8050,1,741.792101316918
2025,03,21659,1,0106,1,1,202312216591010613,1,2,3,1,2, ,2,49,3,31,12,1975,1, , , , , , , , , , , , , , ,2, ,2211,8610,3,2, , ,5,9998,0,12,0,12,0,12,0,36, ,36,1, ,2, ,2,2,4,8000, , , , , , , , , , , , , , ,1,1,1,1,2, ,2, ,2, ,2, ,2, ,2, ,2, ,2, ,1,1,2, ,2, ,12,2, ,2,2,2,2,2,2,10,7,1,8000, , , , , , , ,50,8000,8000,8050,1,1624.79379836518
2025,03,21659,1,0106,1,1,202312216591010615,1,4,4,1,2, ,1,47,4,8,8,1977,1, , , , , , , , , , , , , , ,4, ,2421,8610,3,3, , ,5,9998,0,8,8,8,8,8,0,40, ,40,1, ,1,1,1,2,4,8000, , , , , , , , , , , , , , ,1,1,1,1,2, ,2, ,2, ,2, ,2, ,2, ,2, ,1,1,2, ,2, ,2, ,12,2, ,2,2,2,2,2,2,10,7,1,8000, , , , , , , ,50,8000,8000,8050,1,1763.84120145685
2025,05,2561301,1,0060,1,1,20250525613011006011,1,1,1,1,2, ,2,36,1,18,1,1989,1, , , , , , , , , , , , , , ,1, ,2611,8412,3,2, , ,5,9998,0,8,8,8,8,8,0,40, ,40,1, ,2, ,2,1,4,8000, , , , , , , , , , , , , , ,1,1,1,1,2, ,2, ,2, ,2, ,2, ,2, ,2, ,1,1,2, ,2, ,2, ,12,2, ,2,2,2,2,2,2,10,7,1,8000, , , , , , , ,50,8000,8000,8050,1,922.369795281974
2025,03,29468,1,0064,1,1,202412294681006411,1,1,1,1,2, ,1,35,1,29,7,1989,1, , , , , , , , , , , , , , ,1, ,1330,6201,1, ,1, ,1,17,6,12,12,12,12,12,5,71, ,71,1, ,1,1,1,2, , , ,8000, , , , , , , , , , , , ,1,2,2, ,1,2,2, ,2, ,2, ,2, ,2, ,2, ,1,5,2, ,2, ,2, ,11,5, ,2,2,2,2,2,2,10,6,1, , ,8000, , , , , , ,8000,8000,8000,1,1032.65028180871
2025,04,2658802,1,0001,1,1,20240126588021000111,1,1,1,1,2, ,1,41,1,7,6,1983,1, , , , , , , , , , , , , , ,1, ,2631,729,3,5,1, ,5,9998,0,9,9,9,9,9,0,45, ,45,1, ,2, ,2,2,4,6500, , , , , , , , , , , , , , ,1,3,1,1,2, ,1,1,2, ,2, ,2, ,2, ,2, ,1,1,2, ,2, ,2, ,11,5, ,2,2,2,2,2,2,10,7,1,6500, , , , , , , ,1500,6500,6500,8000,1,1006.5891081267
2025,04,26517,1,0046,1,1,202401265171004611,1,1,1,1,2, ,1,69,1,8,3,1956,1, , , , , , , , , , , , , , ,1, ,3314,5811,1, ,1, ,1,10,0,8,8,8,8,8,5,45, ,45,1, ,2, ,2,2, , , ,8000, , , , , , , , , , , , ,1,1,1,3,2, ,2, ,2, ,2, ,2, ,2, ,2, ,1,3,2, ,2, ,2, ,11,6, ,2,2,2,2,2,2,10,7,1, , ,8000, , , , , , ,8000,8000,8000,1,1372.04587870984
2025,04,25563,1,0196,1,1,202501255631019612,1,2,3,1,2, ,2,29,2,15,8,1995,1, , , , , , , , , , , , , , ,2, ,2212,8620,3,5,1, ,1,20,0,9,9,9,9,9,0,45, ,45,1, ,2, ,2,2,4,8000, , , , , , , , , , , , , , ,1,6,2, ,2, ,2, ,2, ,2, ,2, ,2, ,2, ,2, ,2, ,2, ,2, ,11,7, ,2,2,2,2,2,2,10,7,1,8000, , , , , , , , ,8000,8000,8000,1,1117.81352070284
2025,05,25659,2,0050,1,1,202505256592005011,1,1,1,1,2, ,1,59,1,14,7,1965,1, , , , , , , , , , , , , , ,1, ,3314,4210,1, ,1, ,1,4,12,12,12,12,12,12,12,84,10,94,1, ,2, ,2,2, , , ,8000, , , , , , , , , , , , ,1,3,1,2,1,2,2, ,2, ,2, ,2, ,2, ,2, ,1,2,2, ,2, ,2, ,11,5, ,2,2,2,2,2,2,10,7,1, , ,8000, , , , , , ,8000,8000,8000,1,833.567946096866
2025,05,26896,1,0024,1,1,202405268961002411,1,1,1,1,2, ,1,50,1,21,5,1974,1, , , , , , , , , , , , , , ,1, ,3314,1392,1, ,2,1,1,11,0,8,8,8,8,8,0,40, ,40,1, ,2, ,2,2, , , , , , , , , , , , , , , , ,1,5,2, ,2, ,2, ,2, ,1,5,2, ,2, ,2, ,1,5,2, ,2, ,2, ,9,3, ,2,2,2,2,2,2,10,7,1, , ,8000, , , , , , ,8000,8000,8000,1,814.836081680658
2025,05,28984,1,0017,1,1,202402289841001711,1,1,1,1,2, ,1,78,1,22,12,1946,1, , , , , , , , , , , , , , ,1, ,3314,1610,1, ,1, ,1,5,4,4,4,4,4,4,4,28, ,50,2,50,1,1,1,2, , , ,8000, , , , , , , , , , , , ,1,1,1,3,2, ,2, ,2, ,2, ,2, ,2, ,2, ,1,3,2, ,2, ,2, ,11,5, ,2,2,2,2,2,2,10,7,1, , ,8000, , , , , , ,8000,8000,8000,1,816.993227065272
2025,05,20132,1,0011,1,1,202505201321001111,1,1,1,1,2, ,1,40,1,21,2,1985,1, , , , , , , , , , , , , , ,1, ,4110,8010,3,4,1, ,5,2000,0,8,8,8,8,8,0,40, ,40,1, ,2, ,2,2,4,6000, , , , , , , , , , , , , , ,1,1,1,1,2, ,2, ,2, ,2, ,2, ,2, ,2, ,1,1,2, ,2, ,2, ,12,2, ,2,2,2,2,2,2,10,7,1,6000, , , , , , , ,1842,6000,6000,7842,1,1513.4117139803
2025,04,2671502,1,0005,1,1,20250126715021000511,1,1,1,1,2, ,1,56,2,7,4,1969,1, , , , , , , , , , , , , , ,1, ,2611,6910,2, ,2,2,1,1,0,8,8,8,0,0,0,24, ,24,1, ,2, ,2,2, , , , , , , , , , , , , , , , ,1,2,2, ,1,2,2, ,2, ,2, ,2, ,2, ,2, ,2, ,2, ,2, ,2, ,12,2, ,2,2,2,2,2,2,10,7,1, , ,7700, , , , , , ,7700,7700,7700,1,1297.47342065389
2025,04,2671502,1,0005,1,1,20250126715021000512,1,2,2,1,2, ,2,57,2,22,3,1968,1, , , , , , , , , , , , , , ,2, ,2611,6910,2, ,2,2,1,1,0,8,8,8,0,0,0,24, ,40,2,40,2, ,2,2, , , , , , , , , , , , , , , , ,1,2,2, ,1,2,2, ,2, ,2, ,2, ,2, ,2, ,1,5,2, ,2, ,2, ,12,2, ,2,2,2,2,2,2,10,7,1, , ,7700, , , , , , ,7700,7700,7700,1,1195.19079477273
2025,04,18414,1,0052,1,1,202504184141005211,1,1,1,1,2, ,1,49,1,1,4,1976,1, , , , , , , , , , , , , , ,1, ,2642,6020,3,5,1, ,3,55,0,8,8,8,8,8,0,40, ,40,1, ,2, ,2,2,4,7000, , , , , , , , , , , , , , ,2,3,1,1,2, ,1,1,2, ,2, ,2, ,2, ,2, ,1,1,2, ,2, ,2, ,11,5, ,2,2,2,2,2,2,10,6,1,7000, , , , , , , ,666,7000,7000,7666,1,353.515795110197
2025,04,2347601,1,0014,1,1,20240423476011001411,1,1,1,1,2, ,1,62,1,17,8,1962,1, , , , , , , , , , , , , , ,1, ,4419,8412,3,3, , ,5,9998,0,8,8,8,8,8,0,40, ,40,1, ,2, ,2,2,4,5865, , , , , , , , , , , , , , ,1,1,1,1,2, ,2, ,2, ,2, ,2, ,2, ,2, ,1,1,2, ,2, ,2, ,10,1, ,2,2,2,2,2,2,10,7,1,5865, , , , , , , ,1800,5865,5865,7665,1,816.827358710962
2025,05,29593,1,0113,1,1,202502295931011311,1,1,1,1,2, ,1,66,1,14,11,1958,1, , , , , , , , , , , , , , ,1, ,1211,4663,3,5,1, ,3,100,0,8,8,8,8,8,0,40, ,40,1, ,1,1,1,2,4,6000,19, , , , , , , , , , , , , ,1,1,1,1,2, ,2, ,2, ,2, ,2, ,2, ,2, ,1,1,2, ,2, ,2, ,11,5, ,2,2,2,2,2,2,10,6,1,6000,570, , , , , , ,1084,6570,6570,7654,1,827.634554326819
2025,03,25747,1,0041,1,1,202503257471004112, ,2,2,1,2, ,2,68,2,5,5,1956,1, , , , , , , , , , , , , , ,2, ,2212,8610,3,3, , ,5,9998,0,8,8,8,8,6,0,38, ,38,1, ,2, ,2,2,4,6500, , , , , , , , , , , , , , ,1,1,1,1,2, ,2, ,2, ,2, ,2, ,2, ,2, ,2, ,1,1,2, ,2, ,10,5, ,2,2,2,2,2,2,10,7,1,6500, , , , , , , ,1084,6500,6500,7584,1,953.171680386219
2025,05,25262,1,0101,1,1,202405252621010112,1,2,2,1,2, ,2,36,2,24,3,1989,1, , , , , , , , , , , , , , ,2, ,4110,4630,3,5,1, ,5,998,0,8,8,8,8,8,8,48, ,48,1, ,2, ,2,2,4,6000, , , , , , , , , , , , , , ,1,3,1,1,2, ,1,1,2, ,2, ,2, ,2, ,2, ,1,1,2, ,2, ,2, ,11,5, ,2,2,2,2,2,2,10,7,1,6000, , , , , , , ,1575,6000,6000,7575,1,1753.99019661649
2025,04,17995,2,0143,1,1,202504179952014311,1,1,1,1,2, ,1,37,1,4,8,1987,1, , , , , , , , , , , , , , ,1, ,2144,2593,3,5,1, ,4,200,0,8,8,8,8,8,0,40, ,40,1, ,2, ,2,2,4,6000, , , , , , , , , , , , , , ,1,3,1,1,2, ,1,1,2, ,2, ,2, ,2, ,2, ,1,1,2, ,2, ,2, ,11,5, ,2,2,2,2,2,2,10,7,1,6000, , , , , , , ,1567,6000,6000,7567,1,618.063457601757
2025,03,29555,1,0016,1,1,202503295551001611, ,1,1,1,2, ,1,67,1,27,8,1957,1, , , , , , , , , , , , , , ,1, ,1321,2220,3,5,1, ,4,180,0,12,12,12,12,12,12,72, ,72,1, ,1,1,1,2,3,2800, , , , , , , , , , , , , , ,1,1,1,1,2, ,2, ,2, ,2, ,2, ,2, ,2, ,1,1,2, ,2, ,2, ,11,5, ,2,2,2,2,2,2,10,7,1,5600, , , , , , , ,1917,5600,5600,7517,1,867.383447813781
2025,05,2561301,1,0062,1,1,20250525613011006211,1,1,1,1,2, ,2,39,1,4,3,1986,1, , , , , , , , , , , , , , ,1, ,2221,8610,3,3, , ,5,9998,8,5,10,8,10,0,5,46, ,46,1, ,1,1,1,2,4,6800, , , , , , , , , , , , , , ,1,1,1,1,2, ,2, ,2, ,2, ,2, ,2, ,2, ,1,1,2, ,2, ,2, ,12,2, ,2,2,2,2,2,2,10,7,1,6800, , , , , , , ,709,6800,6800,7509,1,922.369795281974
2025,03,2980102,1,0010,1,1,20231229801021001011,1,1,1,1,2, ,1,47,1,26,6,1977,1, , , , , , , , , , , , , , ,1, ,2611,8423,3,2, , ,5,9998,0,8,8,8,8,8,0,40, ,40,1, ,1,1,1,2,4,6000, , , , , , , , , , , , , , ,1,1,1,1,2, ,2, ,2, ,2, ,2, ,2, ,2, ,1,1,2, ,2, ,2, ,12,2, ,2,2,2,2,2,2,10,7,1,6000, , , , , , , ,1500,6000,6000,7500,1,2098.39392238409
2025,03,2441301,1,0096,1,1,20250324413011009611, ,3,1,1,2, ,1,32,3,16,9,1992,1, , , , , , , , , , , , , , ,3, ,3314,4661,3,5,1, ,2,25,0,8,8,8,8,8,0,40, ,40,1, ,2, ,2,2,4,6000, , , , , , , , , , , , , , ,1,1,1,1,2, ,2, ,2, ,2, ,2, ,2, ,2, ,1,1,2, ,2, ,2, ,11,5, ,2,2,2,2,2,2,10,7,1,6000, , , , , , , ,1500,6000,6000,7500,1,610.423817817873
2025,03,49909,1,0431,1,1,202403499091043111,1,1,1,1,2, ,2,43,1,2,7,1981,1, , , , , , , , , , , , , , ,1, ,4110,9499,3,5,1, ,2,30,0,8,8,8,8,8,0,40, ,48,2,48,2, ,2,2,4,6000, , , , , , , , , , , , , , ,1,1,1,1,2, ,2, ,2, ,2, ,2, ,2, ,2, ,1,1,2, ,2, ,2, ,11,5, ,2,2,2,2,2,2,10,6,1,6000, , , , , , , ,1500,6000,6000,7500,1,968.264089519074
2025,03,2704001,1,0008,1,1,20240327040011000811,1,1,1,1,2, ,1,71,2,12,2,1954,1, , , , , , , , , , , , , , ,1, ,3422,8541,3,5,1, ,1,13,0,4,4,4,4,0,4,20, ,20,1, ,2, ,2,2,4,7500, , , , , , , , , , , , , , ,1,3,1,3,2, ,1,2,2, ,2, ,2, ,2, ,2, ,1,3,2, ,2, ,2, ,11,6, ,2,2,2,2,2,2,10,7,1,7500, , , , , , , , ,7500,7500,7500,1,502.21601590284
2025,03,2704001,1,0008,1,1,20240327040011000812,1,2,2,1,2, ,2,47,2,13,9,1977,1, , , , , , , , , , , , , , ,2, ,3422,8541,3,5,1, ,1,13,0,6,8,6,8,6,0,34, ,34,1, ,2, ,2,2,4,6000, , , , , , , , , , , , , , ,1,3,1,1,2, ,1,1,2, ,2, ,2, ,2, ,2, ,1,1,2, ,2, ,2, ,11,5, ,2,2,2,2,2,2,10,7,1,6000, , , , , , , ,1500,6000,6000,7500,1,462.625245064365
2025,03,28823,1,0106,1,1,202312288231010611,1,1,1,1,2, ,1,52,1,25,12,1972,1, , , , , , , , , , , , , , ,1, ,1169,4321,3,5,1, ,1,17,0,8,8,8,8,8,5,45, ,45,1, ,2, ,2,2,4,6000, , , , , , , , , , , , , , ,1,1,1,1,2, ,2, ,2, ,2, ,2, ,2, ,2, ,1,1,2, ,2, ,2, ,11,5, ,2,2,2,2,2,2,10,7,1,6000, , , , , , , ,1500,6000,6000,7500,1,1939.08752529492
2025,04,26335,2,0026,1,1,202504263352002611,1,1,1,1,2, ,1,45,1,2,11,1979,1, , , , , , , , , , , , , , ,1, ,2142,4100,3,5,1, ,2,50,0,8,8,8,8,8,0,40, ,40,1, ,2, ,2,2,4,6000, , , , , , , , , , , , , , ,1,1,1,1,2, ,2, ,2, ,2, ,2, ,2, ,2, ,1,1,2, ,2, ,2, ,12,2, ,2,2,2,2,2,2,10,6,1,6000, , , , , , , ,1500,6000,6000,7500,1,886.022557044985
2025,04,2625902,1,0011,1,1,20240426259021001111,1,1,1,1,2, ,1,54,1,16,1,1971,1, , , , , , , , , , , , , , ,1, ,4110,4100,3,5,1, ,1,18,0,9,9,9,9,9,9,54, ,54,1, ,2, ,2,2,4,6000, , , , , , , , , , , , , , ,1,1,1,1,2, ,2, ,2, ,2, ,2, ,2, ,2, ,1,1,2, ,2, ,2, ,11,5, ,2,2,2,2,2,2,10,7,1,6000, , , , , , , ,1500,6000,6000,7500,1,784.051449926566
2025,04,26515,1,0075,1,1,202501265151007511,1,1,1,1,2, ,2,61,1,1,6,1963,1, , , , , , , , , , , , , , ,1, ,2643,7490,2, ,2,2,1,1,0,8,8,8,8,8,0,40, ,40,1, ,2, ,2,2, , , , , , , , , , , , , , , , ,1,1,1,2,2, ,2, ,2, ,2, ,2, ,2, ,2, ,1,5,2, ,2, ,2, ,11,5, ,2,2,2,2,2,2,10,7,1, , ,7500, , , , , , ,7500,7500,7500,1,1048.11259855442
2025,04,26515,1,0075,1,1,202501265151007512,1,2,3,1,2, ,1,35,2,12,12,1989,1, , , , , , , , , , , , , , ,2, ,2611,6910,1, ,1, ,1,3,0,8,8,8,8,8,8,48, ,48,1, ,2, ,2,2, , , ,7500, , , , , , , , , , , , ,1,2,2, ,1,2,2, ,2, ,2, ,2, ,2, ,2, ,1,5,2, ,2, ,2, ,12,2, ,2,2,2,2,2,2,10,7,1, , ,7500, , , , , , ,7500,7500,7500,1,1384.89562558982
2025,04,26613,1,0070,1,1,202504266131007011,1,1,1,1,2, ,1,68,1,9,4,1957,1, , , , , , , , , , , , , , ,1, ,5111,5110,3,5,1, ,5,9998,0,12,0,12,0,12,0,36, ,36,1, ,2, ,2,2,4,6000, , , , , , , , , , , , , , ,1,1,1,1,2, ,2, ,2, ,2, ,2, ,2, ,2, ,1,1,2, ,2, ,2, ,10,3, ,2,2,2,2,2,2,10,7,1,6000, , , , , , , ,1500,6000,6000,7500,1,1210.9083520099
2025,04,2694701,1,0066,1,1,20240426947011006611,1,1,1,1,2, ,1,52,1,7,9,1972,1, , , , , , , , , , , , , , ,1, ,2211,8610,3,5,1, ,5,3000,0,8,12,8,0,0,0,28, ,43,2,43,2, ,2,2,4,7500, , , , , , , , , , , , , , ,1,3,1,1,2, ,1,4,2, ,2, ,2, ,2, ,2, ,1,1,2, ,2, ,2, ,12,2, ,2,2,2,2,2,2,10,7,1,7500, , , , , , , , ,7500,7500,7500,1,903.726117476855
2025,04,26517,1,0045,1,1,202401265171004512,1,2,2,1,2, ,2,62,2,9,10,1962,1, , , , , , , , , , , , , , ,2, ,1211,6820,3,5,1, ,3,60,0,8,8,8,8,8,8,48, ,48,1, ,2, ,2,2,4,6000, , , , , , , , , , , , , , ,1,3,1,1,2, ,1,1,2, ,2, ,2, ,2, ,2, ,1,1,2, ,2, ,2, ,11,5, ,2,2,2,2,2,2,10,7,1,6000, , , , , , , ,1500,6000,6000,7500,1,1263.88454525212
2025,04,1778902,1,0035,1,1,20240417789021003511,1,1,1,1,2, ,1,56,2,4,9,1968,1, , , , , , , , , , , , , , ,1, ,2251,8610,3,3, , ,5,9998,0,6,6,6,6,6,6,36, ,36,1, ,2, ,2,2,4,6000, , , , , , , , , , , , , , ,1,1,1,1,2, ,2, ,2, ,2, ,2, ,2, ,2, ,2, ,1,1,2, ,2, ,12,2, ,2,2,2,2,2,2,10,7,1,6000, , , , , , , ,1500,6000,6000,7500,1,252.928027196828
2025,04,1847901,1,0111,1,1,20250418479011011111,1,1,1,1,2, ,1,66,1,19,12,1958,2,1, , , , , , , , , , , , , ,1, ,8343,5222,3,5,1, ,5,2000,0,0,0,0,0,0,0,0, ,48,2,48,2, ,2,2,4,6000, , , , , , , , , , , , , , ,1,3,1,1,2, ,1,1,2, ,2, ,2, ,2, ,2, ,1,1,2, ,2, ,2, ,10,2, ,2,2,2,2,2,2,10,7,1,6000, , , , , , , ,1500,6000,6000,7500,1,363.273492469455
2025,04,26470,1,0068,1,1,202401264701006811,1,1,1,1,2, ,1,38,1,14,12,1986,1, , , , , , , , , , , , , , ,1, ,2152,2710,3,5,1, ,4,500,0,8,8,8,8,8,0,40, ,40,1, ,2, ,2,2,4,6000, , , , , , , , , , , , , , ,1,1,1,1,2, ,2, ,2, ,2, ,2, ,2, ,2, ,1,1,2, ,2, ,2, ,12,2, ,2,2,2,2,2,2,10,7,1,6000, , , , , , , ,1500,6000,6000,7500,1,1041.68042376161
2025,05,20507,1,0123,1,1,202505205071012313,1,3,3,1,2, ,2,36,3,21,8,1988,1, , , , , , , , , , , , , , ,3, ,2411,4659,3,5,1, ,4,180,0,12,12,8,12,8,0,52, ,52,2,48,1,2,2,2,4,6000, , , , , , , , , , , , , , ,1,3,1,1,2, ,1,1,2, ,2, ,2, ,2, ,2, ,1,1,2, ,2, ,2, ,11,5, ,2,2,2,2,2,2,10,7,1,6000, , , , , , , ,1500,6000,6000,7500,1,1155.26323719566
2025,05,26398,1,0088,1,1,202502263981008813,1,3,3,1,2, ,2,35,1,3,2,1990,1, , , , , , , , , , , , , , ,3, ,4416,8413,3,2, , ,5,9998,0,8,8,8,8,8,0,40, ,40,1, ,2, ,2,2,4,6000, , , , , , , , , , , , , , ,1,1,1,1,2, ,2, ,2, ,2, ,2, ,2, ,2, ,1,1,2, ,2, ,2, ,11,5, ,2,2,2,2,2,2,10,6,1,6000, , , , , , , ,1500,6000,6000,7500,1,969.75558195161
2025,05,26466,1,0057,1,1,202402264661005713,1,3,3,1,2, ,2,50,3,28,7,1974,1, , , , , , , , , , , , , , ,3, ,2212,8610,3,5,1, ,5,600,0,12,0,12,0,12,0,36, ,36,1, ,2, ,2,2,4,6000, , , , , , , , , , , , , , ,1,1,1,1,2, ,2, ,2, ,2, ,2, ,2, ,2, ,1,1,2, ,2, ,2, ,11,7, ,2,2,2,2,2,2,10,7,1,6000, , , , , , , ,1500,6000,6000,7500,1,766.077102611352
2025,05,2528402,1,0011,1,1,20250525284021001111,1,1,1,1,2, ,1,65,1,9,9,1959,1, , , , , , , , , , , , , , ,1, ,2611,8411,3,2, , ,5,9998,0,8,8,8,8,8,0,40, ,40,1, ,1,1,1,2,4,6000, , , , , , , , , , , , , , ,1,1,1,1,2, ,2, ,2, ,2, ,2, ,2, ,2, ,1,1,2, ,2, ,2, ,12,2, ,2,2,2,2,2,2,10,5,1,6000, , , , , , , ,1500,6000,6000,7500,1,821.247479441604
2025,05,2653302,1,0051,1,1,20250526533021005111,1,1,1,1,2, ,2,49,1,23,1,1976,1, , , , , , , , , , , , , , ,1, ,2142,7110,3,5,1, ,2,40,0,10,10,10,10,10,0,50, ,50,1, ,1,1,1,2,4,6000, , , , , , , , , , , , , , ,1,3,1,1,2, ,1,1,2, ,2, ,2, ,2, ,2, ,1,1,2, ,2, ,2, ,11,5, ,2,2,2,2,2,2,10,7,1,6000, , , , , , , ,1500,6000,6000,7500,1,816.083630181052
2025,05,2693901,1,0017,1,1,20240226939011001711,1,1,1,1,2, ,1,68,1,30,1,1957,1, , , , , , , , , , , , , , ,1, ,2421,6492,3,5,1, ,5,9998,0,8,8,8,8,8,0,40, ,40,1, ,2, ,2,2,4,6000, , , , , , , , , , , , , , ,1,3,1,1,2, ,1,1,2, ,2, ,2, ,2, ,2, ,1,1,2, ,2, ,2, ,12,2, ,2,2,2,2,2,2,10,8,1,6000, , , , , , , ,1500,6000,6000,7500,1,862.626048546275
2025,03,18045,1,0080,1,1,202412180451008011,1,1,1,1,2, ,1,38,1,26,3,1986,1, , , , , , , , , , , , , , ,1, ,2330,8521,3,2, , ,5,9998,0,8,8,8,8,8,0,40,30,70,1, ,1,1,1,2,4,3100, , , ,3100, , , , , , , , , , ,1,1,1,1,2, ,2, ,2, ,2, ,2, ,2, ,2, ,2, ,1,1,2, ,2, ,12,2, ,2,2,2,2,2,2,10,7,1,3100, , , ,3100, , , ,1293,6200,3100,7493,1,1021.29985661668
2025,04,29135,1,0022,1,1,202504291351002211,1,1,1,1,2, ,1,45,1,19,9,1979,1, , , , , , , , , , , , , , ,1, ,2320,2395,3,5,1, ,4,400,0,8,8,8,0,0,0,24, ,40,2,40,2, ,2,2,4,6000,100, , , , , , , , , , , , , ,1,1,1,1,2, ,2, ,2, ,2, ,2, ,2, ,2, ,1,1,2, ,2, ,2, ,11,5, ,2,2,2,2,2,2,10,7,1,6000,433, , , , , , ,1050,6433,6433,7483,1,834.244990761236
2025,05,1924402,1,0015,1,1,20250519244021001511,1,1,1,1,2, ,1,50,1,14,12,1974,1, , , , , , , , , , , , , , ,1, ,7111,4100,1, ,3,2,1,3,0,8,8,8,8,8,5,45, ,45,1, ,2, ,2,2, , , , , , , , , , , , , , , , ,1,5,2, ,2, ,2, ,2, ,1,5,2, ,2, ,2, ,1,5,2, ,2, ,2, ,6,5, ,2,2,2,2,2,2,10,7,1, , ,7417, , , , , , ,7417,7417,7417,1,696.462875467805
2025,04,2657901,1,0056,1,1,20240426579011005612,1,2,3,1,2, ,1,25,2,19,5,1999,1, , , , , , , , , , , , , , ,2, ,2631,7020,3,5,1, ,4,150,0,8,8,8,0,0,0,24, ,40,2,40,2, ,2,1,4,5200, , , , , , , , , , , , , , ,1,3,1,1,2, ,1,1,2, ,2, ,2, ,2, ,2, ,1,1,2, ,2, ,2, ,11,5, ,2,2,2,2,2,2,10,7,1,5200, , , , , , , ,2216,5200,5200,7416,1,896.653185986354
2025,04,25213,1,0026,1,1,202504252131002612,1,2,2,1,2, ,2,39,2,31,12,1985,1, , , , , , , , , , , , , , ,2, ,5120,5610,2, ,2,1,1,2,10,10,10,10,10,10,10,70, ,70,1, ,2, ,2,2, , , , , , , , , , , , , , , , ,2,5,2, ,2, ,2, ,2, ,1,5,2, ,2, ,2, ,2, ,2, ,2, ,2, ,6,5, ,2,2,2,2,2,2,10,7,1, , ,7300,50, , , , , ,7350,7350,7350,1,726.117482114895
2025,04,29135,1,0027,1,1,202504291351002711,1,1,1,1,2, ,1,37,2,6,1,1988,1, , , , , , , , , , , , , , ,1, ,5212,4752,1, ,1, ,1,4,5,9,9,9,9,9,9,59, ,59,1, ,1,1,1,1, , , ,7000,300, , , , , , , , , , , ,1,1,1,5,2, ,2, ,2, ,2, ,2, ,2, ,2, ,1,5,2, ,2, ,2, ,11,5, ,2,2,2,2,2,2,10,7,1, , ,7000,300, , , , , ,7300,7300,7300,1,1015.41010132133
2025,04,25753,2,0060,1,1,202504257532006011,1,1,1,1,2, ,1,36,1,29,3,1989,1, , , , , , , , , , , , , , ,1, ,2142,7110,2, ,1, ,1,1,0,10,10,10,10,10,6,56, ,56,1, ,2, ,2,2, , , ,7000,300, , , , , , , , , , , ,1,5,2, ,2, ,2, ,2, ,1,5,2, ,2, ,2, ,2, ,2, ,2, ,2, ,11,5, ,2,2,2,2,2,2,10,7,1, , ,7000,300, , , , , ,7300,7300,7300,1,495.433372587806
2025,03,17919,1,0099,1,1,202403179191009912,1,2,3,1,2, ,1,19,2,21,3,2006,1, , , , , , , , , , , , , , ,2, ,3421,9312,3,5,1, ,2,30,0,2,0,0,2,2,2,8, ,8,1, ,1,2,2,2,4,7000,60, , , , , , , , , , , , , ,1,6,2, ,2, ,2, ,2, ,2, ,2, ,2, ,2, ,2, ,2, ,2, ,2, ,6,5, ,2,2,2,2,2,2,10,7,1,7000,260, , , , , , , ,7260,7260,7260,1,447.716484323737
2025,05,27293,1,0144,1,1,202505272931014412,1,2,3,1,2, ,2,33,2,25,1,1992,1, , , , , , , , , , , , , , ,2, ,4110,8291,3,5,1, ,2,30,0,8,8,8,0,8,0,32, ,32,1, ,2, ,2,2,4,6000, , , , , , , , , , , , , , ,1,1,1,1,2, ,2, ,2, ,2, ,2, ,2, ,2, ,1,1,2, ,2, ,2, ,11,6, ,2,2,2,2,2,2,10,7,1,6000, , , , , , , ,1251,6000,6000,7251,1,1201.31173143257
2025,04,2416602,1,0050,1,1,20240124166021005014,1,4,4,1,2, ,1,44,3,8,1,1981,1, , , , , , , , , , , , , , ,4, ,2211,8610,3,2, , ,5,9998,6,12,12,12,12,12,12,78,7,85,1, ,2, ,2,2,4,5200, , , , , ,2000, , , , , , , , ,1,1,1,1,2, ,2, ,2, ,2, ,2, ,2, ,2, ,1,1,2, ,2, ,2, ,11,7, ,2,2,2,2,2,2,10,7,1,5200, , , , ,2000, , ,50,7200,5200,7250,1,1127.38990642293
2025,03,29575,1,0005,1,1,202503295751000511, ,1,1,1,2, ,1,59,2,15,11,1965,1, , , , , , , , , , , , , , ,1, ,3121,729,3,5,1, ,5,9990,8,8,8,8,8,8,8,56, ,56,1, ,2, ,2,2,4,6000,1200, , , , , , , , , , , , , ,1,3,1,2,2, ,1,1,2, ,2, ,2, ,2, ,2, ,1,1,2, ,2, ,2, ,12,2, ,2,2,2,2,2,2,10,1,1,6000,1200, , , , , , , ,7200,7200,7200,1,945.347793839681
