ANIO,MES,CONGLOMERADO,MUESTRA,SELVIV,HOGAR,REGION,LLAVE_PANEL,ESTRATO,C201,C203,C204,C205,C206,C207,C208,C300n,NROINF,C301_DIA,C301_MES,C301_ANIO,C303,C304,C305,C306_1,C306_2,C306_3,C306_4,C306_5,C306_6,C306_7,C306_8,C306_9,C306_10,C306_10A,C306_11,C306A,C308_COD,C309_COD,C310,C311,C312,C313,C317,C317A,C318_1,C318_2,C318_3,C318_4,C318_5,C318_6,C318_7,C318_T,C328_T,whoraT,C330,C331,C333,C334,P209H,C335,C338,C339_1,C341_T,C342,C344,C345_1,C347_T,C348,C350,C352,C353,C354,C355,C356,C357_I,C358,C359,SEGURO1,C361_1,C362_1,C361_2,C362_2,C361_3,C362_3,C361_4,C362_4,C361_5,C362_5,C361_6,C362_6,C361_7,C362_7,C361_8,C362_8,C364_1,C365_1,C364_2,C365_2,C364_3,C365_3,C364_4,C365_4,C366,C366_1,C366_2,C375_1,C375_2,C375_3,C375_4,C375_5,C375_6,C376,C377,OCUP300,I339_1,D341_T,I342,D344,I345_1,I348,D347_T,D350,D351_T,INGTOT,INGTOTP,ingtrabw,RESIDENT,factor_expansion
2024,4,1797501,1,49,1,1,20240417975011004911,1,1,1,1,2,,2,51.0,1,1,20.0,9.0,1972.0,1,,,,,,,,,,,,,,,,9412.0,5610.0,3,5,2,1,1,5.0,0.0,8.0,8.0,8.0,0.0,0.0,8.0,32.0,,48.0,2,48,2,,2,2,2,300,20.0,,,,,,,,,,,,,,1,5,2,,2,,2,,2,,1,5,2,,2,,2,,2,,1,5,2,,2,,9,3,,2,2,2,2,2,2,10,7,1,1299.0,600,,,,,,,,1899.0,1899.0,1899,1,448.739003125204
2024,4,1797501,1,49,1,1,20240417975011004912,1,2,2,1,2,,1,48.0,2,2,4.0,6.0,1975.0,1,,,,,,,,,,,,,,,,8322.0,4922.0,2,,3,2,1,1.0,10.0,10.0,0.0,10.0,10.0,10.0,10.0,60.0,,60.0,1,,2,,2,2,,,,,,,,,,,,,,,,,1,5,2,,2,,2,,2,,1,5,2,,2,,2,,2,,1,5,2,,2,,6,5,,2,2,2,2,2,2,10,7,1,,,1445,,,,,,,1445.0,1445.0,1445,1,528.082666723265
2024,4,1797501,1,49,1,1,20240417975011004913,1,3,8,1,2,,1,18.0,3,3,8.0,4.0,2005.0,1,,,,,,,,,,,,,,,,5230.0,5610.0,3,5,2,1,1,9.0,0.0,7.0,7.0,7.0,7.0,7.0,7.0,42.0,,42.0,1,,2,,2,2,2,105,27.0,,,,,,,,,,,,,,1,6,2,,2,,2,,2,,2,,2,,2,,2,,2,,2,,2,,2,,10,1,,2,2,2,2,2,2,10,6,1,455.0,810,,,,,,,,1265.0,1265.0,1265,1,497.79629253589
2024,4,1797501,1,50,1,1,20240417975011005011,1,1,1,1,2,,1,49.0,1,1,18.0,7.0,1974.0,1,,,,,,,,,,,,,,,,7421.0,9522.0,2,,3,2,1,1.0,0.0,5.0,5.0,5.0,0.0,0.0,3.0,18.0,,34.0,2,34,2,,2,2,,,,,,,,,,,,,,,,,1,5,2,,2,,2,,2,,1,5,2,,2,,2,,1,5,2,,2,,2,,6,5,,2,2,2,2,2,2,10,6,1,,,739,,,,,,,739.0,739.0,739,1,528.082666723265
2024,4,1797501,1,50,1,1,20240417975011005012,1,2,2,1,2,,2,47.0,2,2,,,1977.0,1,,,,,,,,,,,,,,,,9111.0,9700.0,6,,,,1,1.0,0.0,12.0,0.0,12.0,0.0,12.0,12.0,48.0,14.0,62.0,1,,2,,2,2,2,280,32.0,,,,,450.0,,,,,,,,,1,5,2,,2,,2,,2,,1,5,2,,2,,2,,2,,2,,2,,2,,5,3,,2,2,2,2,2,2,10,7,1,1212.0,960,,,,450,,,,2622.0,2172.0,2622,1,448.739003125204
2024,4,1797501,1,50,1,1,20240417975011005013,1,3,3,1,2,,1,27.0,3,3,9.0,2.0,1997.0,1,,,,,,,,,,,,,,,,2655.0,9000.0,3,5,1,,1,15.0,3.0,0.0,0.0,0.0,3.0,3.0,3.0,12.0,11.0,27.0,2,27,1,1,1,2,4,1200,,,,1000,,,,,,,,,,,1,5,2,,2,,2,,2,,1,5,2,,2,,2,,2,,2,,2,,2,,10,4,,2,2,2,2,2,2,10,7,1,1200.0,,,,1000.0,,,,,2200.0,1200.0,2200,1,564.314408775868
2024,4,1797501,1,50,1,1,20240417975011005014,1,4,3,1,2,,1,13.0,,,,,,,,,,,,,,,,,,,,,,,,,,,,,,,,,,,,,,,,,,,,,,,,,,,,,,,,,,,,,,,,,,,,,,,,,,,,,,,,,,,,,,,,,,,,,,,,,,,,,,,,,,,,,,,,1,
2024,4,1797501,1,51,1,1,20240417975011005111,1,1,1,1,2,,1,70.0,1,1,4.0,11.0,1953.0,1,,,,,,,,,,,,,,,,9533.0,4789.0,2,,3,2,1,1.0,5.0,7.0,2.0,7.0,7.0,7.0,6.0,41.0,,41.0,1,,2,,2,2,,,,,,,,,,,,,,,,,1,5,2,,2,,2,,2,,1,5,2,,2,,2,,2,,2,,2,,2,,4,5,,2,2,2,1,2,2,10,7,1,,,634,,,,,,,634.0,634.0,634,1,528.082666723265
2024,4,18495,1,86,1,1,202404184951008611,1,1,1,1,2,,1,34.0,1,1,19.0,6.0,1989.0,1,,,,,,,,,,,,,,,,8331.0,4921.0,2,,3,2,1,1.0,10.0,14.0,14.0,9.0,9.0,9.0,9.0,74.0,,74.0,1,,2,,2,2,,,,,,,,,,,,,,,,,1,5,2,,2,,2,,2,,1,5,2,,2,,2,,2,,2,,2,,2,,6,5,,2,2,2,2,2,2,10,7,1,,,2730,,,,,,,2730.0,2730.0,2730,1,480.027021178262
2024,4,18495,1,86,1,1,202404184951008612,1,2,2,1,2,,2,37.0,2,2,20.0,3.0,1987.0,2,2,2,2,2,2,2,2,2,2,2,2,2,2,2,2,,,,,,,,,,,,,,,,,,,,,,,,,,,,,,,,,,2,5,2,2,6,,,1,5,2,,2,,2,,2,,1,5,2,,2,,2,,1,5,2,,2,,2,,9,3,,2,2,2,2,2,2,10,7,4,,,,,,,,,,,,,1,506.22815908713
2024,4,18495,1,86,1,1,202404184951008613,1,3,3,1,2,,2,3.0,,,,,,,,,,,,,,,,,,,,,,,,,,,,,,,,,,,,,,,,,,,,,,,,,,,,,,,,,,,,,,,,,,,,,,,,,,,,,,,,,,,,,,,,,,,,,,,,,,,,,,,,,,,,,,,,1,
2024,4,18495,1,86,1,1,202404184951008614,1,4,3,1,2,,2,,,,,,,,,,,,,,,,,,,,,,,,,,,,,,,,,,,,,,,,,,,,,,,,,,,,,,,,,,,,,,,,,,,,,,,,,,,,,,,,,,,,,,,,,,,,,,,,,,,,,,,,,,,,,,,,,1,
2024,4,18495,1,86,1,1,202404184951008615,1,5,6,1,1,,1,62.0,,,,,,,,,,,,,,,,,,,,,,,,,,,,,,,,,,,,,,,,,,,,,,,,,,,,,,,,,,,,,,,,,,,,,,,,,,,,,,,,,,,,,,,,,,,,,,,,,,,,,,,,,,,,,,,,0,
2024,4,18495,1,86,1,1,202404184951008616,1,6,11,1,2,,1,41.0,6,6,2.0,5.0,1982.0,1,,,,,,,,,,,,,,,,5132.0,5610.0,3,5,1,,3,70.0,8.0,0.0,8.0,8.0,8.0,8.0,8.0,48.0,,48.0,1,,2,,2,2,4,2000,60.0,,,,,,,,,,,,,,1,1,1,1,2,,2,,2,,2,,2,,2,,2,,1,1,2,,2,,2,,9,3,,2,2,2,2,2,2,10,7,1,2000.0,260,,,,,,,501,2260.0,2260.0,2761,1,480.027021178262
2024,4,18495,1,197,1,1,202404184951019711,1,1,1,1,2,,1,48.0,1,1,5.0,2.0,1976.0,1,,,,,,,,,,,,,,,,9412.0,5610.0,4,,3,2,1,4.0,0.0,10.0,10.0,10.0,0.0,0.0,10.0,40.0,,60.0,2,60,2,,2,,,,,,,,,,,,,,,,,,1,5,2,,2,,2,,2,,1,5,2,,2,,2,,2,,2,,2,,2,,8,2,,2,2,2,2,2,2,1,7,1,,,,,,,,,,,,,1,449.206941203097
2024,4,18495,1,197,1,1,202404184951019712,1,2,2,1,2,,2,49.0,2,2,1.0,4.0,1975.0,1,,,,,,,,,,,,,,,,9411.0,5610.0,1,,3,2,1,4.0,0.0,10.0,10.0,10.0,0.0,0.0,10.0,40.0,,60.0,2,60,2,,2,2,,,,,,,,,,,,,,,,,1,5,2,,2,,2,,2,,1,5,2,,2,,2,,2,,2,,2,,2,,5,2,,2,2,2,2,2,2,1,1,1,,,2764,650.0,,,,,,3414.0,3414.0,3414,1,381.714242285543
2024,4,18495,1,197,1,1,202404184951019713,1,3,3,1,2,,1,20.0,3,3,7.0,1.0,2004.0,1,,,,,,,,,,,,,,,,9412.0,5610.0,4,,3,2,1,4.0,0.0,10.0,10.0,10.0,0.0,0.0,10.0,40.0,,60.0,2,60,2,,2,,,,,,,,,,,,,,,,,,1,5,2,,2,,2,,2,,1,5,2,,2,,2,,2,,2,,2,,2,,10,2,,2,2,2,2,2,2,10,7,1,,,,,,,,,,,,,1,423.444214330691
2024,4,18495,1,197,1,1,202404184951019714,1,4,3,1,2,,1,13.0,,,,,,,,,,,,,,,,,,,,,,,,,,,,,,,,,,,,,,,,,,,,,,,,,,,,,,,,,,,,,,,,,,,,,,,,,,,,,,,,,,,,,,,,,,,,,,,,,,,,,,,,,,,,,,,,1,
2024,4,18495,1,197,1,1,202404184951019715,1,5,8,1,2,,1,20.0,5,5,4.0,9.0,2003.0,1,,,,,,,,,,,,,,,,9412.0,5610.0,3,5,3,2,1,4.0,0.0,10.0,10.0,10.0,0.0,0.0,10.0,40.0,,60.0,2,60,2,,2,2,2,150,20.0,,,,,,,,,,,,,,2,5,2,,2,,2,,2,,1,5,2,,2,,2,,2,,2,,2,,2,,8,1,,2,2,2,2,2,2,10,7,1,650.0,600,,,,,,,,1250.0,1250.0,1250,1,423.444214330691
2024,4,18495,1,200,1,1,202404184951020011,1,1,1,1,2,,2,64.0,1,1,16.0,2.0,1960.0,1,,,,,,,,,,,,,,,,4417.0,8430.0,3,2,,,5,9998.0,0.0,8.0,8.0,8.0,8.0,8.0,0.0,40.0,,40.0,1,,2,,2,2,4,2000,,,,,,,,,,,,,,,1,1,1,1,2,,2,,2,,2,,2,,2,,2,,1,1,2,,2,,2,,9,3,,2,2,2,2,2,2,10,7,1,2000.0,,,,,,,,50,2000.0,2000.0,2050,1,381.714242285543
2024,4,18495,1,200,1,1,202404184951020012,1,2,3,1,2,,2,40.0,2,2,21.0,6.0,1983.0,2,2,2,2,2,2,2,2,2,2,2,2,2,2,2,2,,,,,,,,,,,,,,,,,,,,,,,,,,,,,,,,,,1,5,1,1,13,7,4,1,1,1,2,2,,2,,2,,2,,2,,2,,2,,1,2,2,,2,,2,,11,6,,2,2,2,2,2,2,10,7,2,,,,,,,,,,,,,1,506.22815908713
2024,4,18495,1,200,1,1,202404184951020013,1,3,5,1,2,,2,5.0,,,,,,,,,,,,,,,,,,,,,,,,,,,,,,,,,,,,,,,,,,,,,,,,,,,,,,,,,,,,,,,,,,,,,,,,,,,,,,,,,,,,,,,,,,,,,,,,,,,,,,,,,,,,,,,,1,
2024,4,18574,1,58,1,1,202404185741005811,1,1,1,1,2,,2,61.0,1,1,19.0,6.0,1962.0,1,,,,,,,,,,,,,,,,4224.0,8610.0,3,2,,,5,9998.0,0.0,6.0,6.0,6.0,0.0,0.0,0.0,18.0,,36.0,2,36,2,,2,2,4,2800,,,,,,,,,,,,,,,2,1,1,1,2,,2,,2,,2,,2,,2,,2,,1,1,2,,2,,2,,6,5,,2,2,2,2,2,2,10,7,1,2800.0,,,,,,,,83,2800.0,2800.0,2883,1,412.742796348657
2024,4,18574,1,58,1,1,202404185741005812,1,2,2,1,2,,1,63.0,2,2,4.0,7.0,1960.0,1,,,,,,,,,,,,,,,,3512.0,9511.0,2,,2,2,1,1.0,0.0,6.0,3.0,0.0,6.0,3.0,0.0,18.0,,18.0,1,,1,1,1,1,,,,,,,,,,,,,,,,,1,1,1,4,2,,2,,2,,2,,2,,2,,2,,1,5,2,,2,,2,,9,3,,2,2,2,2,2,2,10,7,1,,,1700,,,,,,,1700.0,1700.0,1700,1,485.721800531347
2024,4,18574,1,58,1,1,202404185741005813,1,3,3,1,2,,1,29.0,3,3,5.0,11.0,1994.0,1,,,,,,,,,,,,,,,,5120.0,5610.0,3,5,1,,1,14.0,0.0,8.0,8.0,8.0,8.0,8.0,6.0,46.0,,46.0,1,,2,,2,2,4,2000,120.0,,,,,,,,,,,,,,1,1,1,1,2,,2,,2,,2,,2,,2,,2,,1,1,2,,2,,2,,9,3,,2,2,2,2,2,2,10,7,1,2000.0,520,,,,,,,501,2520.0,2520.0,3021,1,519.047164333526
2024,4,18574,1,60,1,1,202404185741006011,1,1,1,1,2,,2,78.0,1,1,23.0,6.0,1945.0,2,2,2,2,2,2,2,2,2,2,2,2,2,2,2,2,,,,,,,,,,,,,,,,,,,,,,,,,,,,,,,,,,2,6,2,2,3,,,1,1,1,4,2,,2,,2,,2,,2,,2,,2,,2,,2,,2,,2,,6,5,,2,2,2,2,2,2,10,7,4,,,,,,,,,,,,,1,412.742796348657
2024,4,18574,1,61,1,1,202404185741006111,1,1,1,1,2,,1,48.0,1,1,18.0,3.0,1976.0,1,,,,,,,,,,,,,,,,8322.0,4922.0,2,,3,2,1,1.0,0.0,9.0,9.0,9.0,9.0,9.0,0.0,45.0,,45.0,1,,2,,2,2,,,,,,,,,,,,,,,,,1,2,2,,2,,1,2,2,,2,,2,,2,,2,,1,5,2,,2,,2,,9,3,,2,2,2,2,2,2,10,7,1,,,2918,,,,,,,2918.0,2918.0,2918,1,485.721800531347
2024,4,18574,1,61,1,1,202404185741006112,1,2,2,1,2,,2,48.0,2,2,14.0,1.0,1976.0,1,,,,,,,,,,,,,,,,4110.0,6511.0,3,2,,,5,9998.0,0.0,8.0,8.0,8.0,8.0,8.0,0.0,40.0,,40.0,1,,2,,2,2,4,5000,75.0,,,,,,,,,,,,,,1,3,1,1,1,2,2,,2,,2,,2,,2,,2,,1,1,2,,2,,2,,11,5,,2,2,2,2,2,2,10,7,1,5000.0,325,,,,,,,50,5325.0,5325.0,5375,1,412.742796348657
2024,4,18574,1,61,1,1,202404185741006113,1,3,3,1,2,,1,19.0,3,3,1.0,4.0,2005.0,2,2,2,2,2,2,2,2,2,2,2,2,2,2,2,2,,,,,,,,,,,,,,,,,,,,,,,,,,,,,,,,,,2,4,1,2,5,,,2,3,1,4,1,4,2,,2,,2,,2,,2,,2,,2,,2,,2,,2,,10,2,,2,2,2,2,2,2,10,7,4,,,,,,,,,,,,,1,457.864888860419
2024,4,18574,1,61,1,1,202404185741006114,1,4,3,1,2,,2,17.0,4,4,5.0,10.0,2006.0,2,2,2,2,2,2,2,2,2,2,2,2,2,2,2,2,,,,,,,,,,,,,,,,,,,,,,,,,,,,,,,,,,2,4,2,2,5,,,2,3,1,4,1,4,2,,2,,2,,2,,2,,2,,2,,2,,2,,2,,6,5,,2,2,2,2,2,2,10,7,4,,,,,,,,,,,,,1,484.643449709979
2024,4,18574,1,173,1,1,202404185741017311,1,1,1,1,2,,1,66.0,1,1,18.0,12.0,1957.0,2,2,2,2,2,2,2,2,2,2,2,2,2,2,2,2,,,,,,,,,,,,,,,,,,,,,,,,,,,,,,,,,,1,5,1,1,13,5,3,1,1,1,4,2,,2,,2,,2,,2,,2,,2,,2,,1,5,2,,2,,6,5,,2,2,2,2,2,2,10,9,2,,,,,,,,,,,,,1,485.721800531347
2024,4,17262,1,35,1,1,202404172621003511,1,1,1,1,2,,1,37.0,1,1,20.0,2.0,1987.0,1,,,,,,,,,,,,,,,,7322.0,3100.0,3,5,2,2,1,3.0,0.0,0.0,8.0,0.0,0.0,8.0,0.0,16.0,,40.0,2,40,1,1,1,1,2,160,,,,,,,,,,,,,,,1,5,2,,2,,2,,2,,1,5,2,,2,,2,,2,,2,,2,,2,,5,2,,2,2,2,2,2,2,1,1,1,693.0,,,,,,,,,693.0,693.0,693,1,405.725419165275
2024,4,17262,1,35,1,1,202404172621003512,1,2,2,1,2,,2,45.0,2,2,20.0,3.0,1979.0,1,,,,,,,,,,,,,,,,9111.0,9700.0,6,,,,1,1.0,0.0,0.0,7.0,7.0,7.0,0.0,0.0,21.0,,21.0,1,,1,1,1,2,4,1000,15.0,,,,,,,,,,,,,,2,5,2,,2,,2,,2,,1,5,2,,2,,2,,2,,2,,2,,2,,6,5,,2,2,2,2,2,2,1,1,1,1000.0,450,,,,,,,,1450.0,1450.0,1450,1,322.630110639428
2024,4,17262,1,35,1,1,202404172621003513,1,3,3,1,2,,2,16.0,3,3,15.0,12.0,2007.0,2,2,2,2,2,2,2,2,2,2,2,2,2,2,2,2,,,,,,,,,,,,,,,,,,,,,,,,,,,,,,,,,,2,4,2,2,5,,,2,5,2,,2,,2,,2,,1,5,2,,2,,2,,2,,2,,2,,2,,5,4,,2,2,2,2,2,2,10,7,4,,,,,,,,,,,,,1,378.832946774247
2024,4,17262,1,35,1,1,202404172621003514,1,4,3,1,2,,2,14.0,4,4,10.0,8.0,2009.0,2,2,2,2,2,2,2,2,2,2,2,2,2,2,2,2,,,,,,,,,,,,,,,,,,,,,,,,,,,,,,,,,,2,4,2,2,5,,,2,5,2,,2,,2,,2,,1,5,2,,2,,2,,2,,2,,2,,2,,5,2,,2,2,2,2,2,2,10,7,4,,,,,,,,,,,,,1,378.832946774247
2024,4,17262,1,35,1,1,202404172621003515,1,5,3,1,2,,1,10.0,,,,,,,,,,,,,,,,,,,,,,,,,,,,,,,,,,,,,,,,,,,,,,,,,,,,,,,,,,,,,,,,,,,,,,,,,,,,,,,,,,,,,,,,,,,,,,,,,,,,,,,,,,,,,,,,1,
2024,4,17262,1,38,1,1,202404172621003811,1,1,1,1,2,,1,71.0,1,1,29.0,10.0,1952.0,2,2,2,2,2,2,2,2,2,2,2,2,2,2,2,2,,,,,,,,,,,,,,,,,,,,,,,,,,,,,,,,,,1,3,1,1,13,5,2,1,5,2,,2,,2,,2,,1,5,2,,2,,2,,2,,2,,2,,2,,6,5,,2,2,2,2,2,2,10,7,2,,,,,,,,,,,,,1,379.675865046555
2024,4,17262,1,38,1,1,202404172621003812,1,2,3,1,2,,2,19.0,2,2,19.0,5.0,2004.0,2,2,2,2,2,2,2,2,2,2,2,2,2,2,2,2,,,,,,,,,,,,,,,,,,,,,,,,,,,,,,,,,,2,5,1,2,6,,,1,5,2,,2,,2,,2,,1,5,2,,2,,2,,2,,2,,2,,2,,6,5,,2,2,2,2,2,2,10,7,4,,,,,,,,,,,,,1,378.832946774247
2024,4,17262,1,38,1,1,202404172621003813,1,3,5,1,2,,1,4.0,,,,,,,,,,,,,,,,,,,,,,,,,,,,,,,,,,,,,,,,,,,,,,,,,,,,,,,,,,,,,,,,,,,,,,,,,,,,,,,,,,,,,,,,,,,,,,,,,,,,,,,,,,,,,,,,1,
2024,4,17262,1,38,1,1,202404172621003814,1,4,5,1,2,,2,1.0,,,,,,,,,,,,,,,,,,,,,,,,,,,,,,,,,,,,,,,,,,,,,,,,,,,,,,,,,,,,,,,,,,,,,,,,,,,,,,,,,,,,,,,,,,,,,,,,,,,,,,,,,,,,,,,,1,
2024,4,17447,1,132,1,1,202404174471013211,1,1,1,1,2,,2,37.0,1,1,1.0,7.0,1986.0,1,,,,,,,,,,,,,,,,3144.0,4322.0,3,5,1,,5,5000.0,0.0,8.0,8.0,8.0,8.0,8.0,0.0,40.0,,40.0,1,,2,,2,2,4,1800,,,,,,,,,,,,,,,1,1,1,1,2,,2,,2,,2,,2,,2,,2,,2,,1,1,2,,2,,9,3,,2,2,2,2,2,2,10,7,1,1800.0,,,,,,,,459,1800.0,1800.0,2259,1,501.825106502392
2024,4,17447,1,132,1,1,202404174471013212,1,2,3,1,2,,2,15.0,2,2,22.0,11.0,2008.0,2,2,2,2,2,2,2,2,2,2,2,2,1,2,2,,9412.0,5630.0,4,,3,2,1,2.0,2.0,2.0,2.0,2.0,2.0,2.0,0.0,12.0,,,1,,2,,,,,,,,,,,,,2,4,2,2,5,,,2,1,1,4,2,,2,,2,,2,,2,,2,,2,,2,,2,,2,,2,,5,3,,2,2,2,2,2,2,10,7,4,,,,,,,,,,,,,1,444.311235609534
2024,4,17447,1,132,1,1,202404174471013213,1,3,6,1,2,,2,70.0,3,3,6.0,2.0,1954.0,1,,,,,,,,,,,,,,,,5120.0,5630.0,2,,3,2,1,2.0,7.0,7.0,7.0,7.0,7.0,7.0,0.0,42.0,,42.0,1,,2,,2,2,,,,,,,,,,,,,,,,,2,1,1,4,2,,2,,2,,2,,2,,2,,2,,2,,1,4,2,,2,,4,5,,2,2,2,2,2,2,10,7,1,,,333,13.0,,,,,,346.0,346.0,346,1,378.394182247482
2024,4,17447,1,132,1,1,202404174471013214,1,4,7,1,2,,1,58.0,4,1,15.0,7.0,1965.0,2,2,2,2,2,2,2,2,2,2,2,2,2,2,2,2,,,,,,,,,,,,,,,,,,,,,,,,,,,,,,,,,,2,7,2,2,7,,,2,5,2,,2,,2,,2,,1,5,2,,2,,2,,2,,2,,2,,2,,6,5,,2,2,2,2,2,2,10,7,4,,,,,,,,,,,,,1,445.299845661211
2024,4,17447,1,135,1,1,202404174471013511,1,1,1,1,2,,2,88.0,1,1,30.0,9.0,1935.0,2,2,2,2,2,2,2,2,2,2,2,2,2,2,2,2,,,,,,,,,,,,,,,,,,,,,,,,,,,,,,,,,,2,5,2,2,3,,,1,4,2,,2,,2,,1,4,2,,2,,2,,2,,2,,2,,2,,1,4,4,5,,2,2,2,2,2,2,10,1,4,,,,,,,,,,,,,1,378.394182247482
2024,4,25034,1,50,1,1,202404250341005011,1,1,1,1,2,,1,68.0,1,1,6.0,1.0,1956.0,2,2,2,2,2,2,2,2,2,2,2,2,2,2,2,2,,,,,,,,,,,,,,,,,,,,,,,,,,,,,,,,,,2,6,2,2,7,,,1,1,1,3,2,,2,,2,,2,,2,,2,,2,,2,,1,3,2,,2,,6,5,,1,2,2,2,2,2,10,7,4,,,,,,,,,,,,,1,750.770075317899
2024,4,25034,1,50,1,1,202404250341005012,1,2,2,1,2,,2,54.0,2,2,10.0,1.0,1970.0,1,,,,,,,,,,,,,,,,5112.0,8413.0,3,2,,,5,9998.0,0.0,7.0,7.0,7.0,0.0,0.0,7.0,28.0,,42.0,2,42,1,2,2,1,4,1550,,,,,,,,,,,,,,,1,1,1,1,2,,2,,2,,2,,2,,2,,2,,1,1,2,,2,,2,,6,5,,2,2,2,2,2,2,10,7,1,1550.0,,,,,,,,50,1550.0,1550.0,1600,1,637.96794783067
2024,4,25034,1,50,1,1,202404250341005013,1,3,3,1,2,,1,29.0,3,3,21.0,4.0,1994.0,1,,,,,,,,,,,,,,,,2511.0,8411.0,3,2,,,5,9998.0,0.0,8.0,8.0,8.0,0.0,0.0,0.0,24.0,,40.0,2,40,2,,2,2,4,4000,,,,,,,,,,,,,,,1,1,1,1,2,,2,,2,,2,,2,,2,,2,,1,1,2,,2,,2,,11,5,,2,2,2,2,2,2,10,7,1,4000.0,,,,,,,,50,4000.0,4000.0,4050,1,802.280396379026
2024,4,25034,1,51,1,1,202404250341005111,1,1,1,1,2,,1,38.0,1,1,12.0,9.0,1985.0,1,,,,,,,,,,,,,,,,9541.0,4789.0,2,,3,2,1,1.0,7.0,5.0,5.0,5.0,5.0,0.0,0.0,27.0,,42.0,2,42,2,,2,2,,,,,,,,,,,,,,,,,1,1,1,2,2,,2,,2,,2,,2,,2,,2,,2,,1,5,2,,2,,6,5,,2,2,2,2,2,2,10,7,1,,,2700,,,,,,,2700.0,2700.0,2700,1,802.280396379026
2024,4,18753,1,7,1,1,202404187531000711,1,1,1,1,2,,1,70.0,1,1,30.0,12.0,1953.0,1,,,,,,,,,,,,,,,,9313.0,4100.0,3,5,3,2,1,2.0,0.0,8.0,8.0,8.0,0.0,0.0,0.0,24.0,,48.0,2,48,1,1,1,1,2,180,,,,,,,,,,,,,,,1,5,2,,2,,2,,2,,1,5,2,,2,,2,,2,,2,,2,,2,,1,,,2,2,2,2,2,2,1,1,1,779.0,,,,,,,,,779.0,779.0,779,1,743.900152643022
2024,4,18753,1,7,1,1,202404187531000712,1,2,2,1,2,,2,67.0,2,2,10.0,4.0,1956.0,1,,,,,,,,,,,,,,,,5212.0,4711.0,2,,3,2,1,1.0,11.0,11.0,11.0,11.0,11.0,11.0,11.0,77.0,,77.0,1,,2,,2,2,,,,,,,,,,,,,,,,,1,5,2,,2,,2,,2,,1,5,2,,2,,2,,2,,2,,2,,2,,3,4,,2,2,2,2,2,2,1,1,1,,,380,65.0,,,,,,445.0,445.0,445,1,632.130221188741
2024,4,18753,1,7,1,1,202404187531000713,1,3,5,1,2,,1,19.0,3,3,31.0,1.0,2005.0,1,,,,,,,,,,,,,,,,9334.0,4921.0,3,5,3,2,1,2.0,0.0,16.0,16.0,16.0,0.0,0.0,16.0,64.0,,64.0,1,,2,,2,2,2,180,60.0,,,,,,,,,,,,,,1,5,2,,2,,2,,2,,1,5,2,,2,,2,,2,,2,,2,,2,,6,5,,2,2,2,2,2,2,10,7,1,779.0,260,,,,,,,,1039.0,1039.0,1039,1,701.23630510417
2024,4,18753,1,8,1,1,202404187531000811,1,1,1,1,2,,1,54.0,1,2,13.0,5.0,1969.0,2,2,2,2,2,2,2,2,2,2,2,2,2,2,2,2,,,,,,,,,,,,,,,,,,,,,,,,,,,,,,,,,,1,3,1,1,13,5,2,1,5,2,,2,,2,,2,,1,5,2,,2,,2,,2,,2,,2,,2,,6,5,,2,2,2,2,2,2,10,7,2,,,,,,,,,,,,,1,743.900152643022
2024,4,18753,1,8,1,1,202404187531000812,1,2,2,1,2,,2,39.0,2,2,1.0,10.0,1984.0,2,2,2,2,2,2,2,2,2,2,2,2,2,2,2,2,,,,,,,,,,,,,,,,,,,,,,,,,,,,,,,,,,1,5,1,1,13,5,2,1,5,2,,2,,2,,2,,1,5,2,,2,,2,,2,,2,,2,,2,,3,,3,2,2,2,2,2,2,10,9,2,,,,,,,,,,,,,1,838.328997785567
2024,4,18753,1,8,1,1,202404187531000813,1,3,3,1,2,,1,19.0,3,3,24.0,9.0,2004.0,1,,,,,,,,,,,,,,,,8331.0,4921.0,1,,3,2,1,2.0,0.0,0.0,0.0,0.0,14.0,14.0,14.0,42.0,,42.0,1,,1,2,2,2,,,,,,,,,,,,,,,,,1,5,2,,2,,2,,2,,1,5,2,,2,,2,,2,,2,,2,,2,,6,5,,2,2,2,2,2,2,10,7,1,,,3587,,,,,,,3587.0,3587.0,3587,1,701.23630510417
2024,4,18753,1,8,1,1,202404187531000814,1,4,3,1,2,,1,17.0,4,4,1.0,9.0,2006.0,1,,,,,,,,,,,,,,,,9313.0,4100.0,3,5,3,2,1,5.0,0.0,0.0,0.0,0.0,0.0,7.0,7.0,14.0,,14.0,1,,2,,2,1,2,100,30.0,,,,,,,,,,,,,,2,5,2,,2,,2,,2,,1,5,2,,2,,2,,2,,2,,2,,2,,5,3,,2,2,2,2,2,2,10,7,1,433.0,130,,,,,,,,563.0,563.0,563,1,701.23630510417
2024,4,18753,1,8,1,1,202404187531000815,1,5,3,1,2,,1,12.0,,,,,,,,,,,,,,,,,,,,,,,,,,,,,,,,,,,,,,,,,,,,,,,,,,,,,,,,,,,,,,,,,,,,,,,,,,,,,,,,,,,,,,,,,,,,,,,,,,,,,,,,,,,,,,,,1,
2024,4,18753,1,8,1,1,202404187531000816,1,6,3,1,2,,2,10.0,,,,,,,,,,,,,,,,,,,,,,,,,,,,,,,,,,,,,,,,,,,,,,,,,,,,,,,,,,,,,,,,,,,,,,,,,,,,,,,,,,,,,,,,,,,,,,,,,,,,,,,,,,,,,,,,1,
2024,4,18753,1,9,1,1,202404187531000911,1,1,1,1,2,,1,35.0,1,1,29.0,4.0,1988.0,1,,,,,,,,,,,,,,,,9313.0,4100.0,3,5,3,2,1,2.0,0.0,8.0,8.0,8.0,8.0,8.0,5.0,45.0,,45.0,1,,1,1,1,1,2,350,,,,,,,,,,,,,,,1,5,2,,2,,2,,2,,1,5,2,,2,,2,,2,,2,,2,,2,,8,1,,2,2,2,2,2,2,10,7,1,1516.0,,,,,,,,,1516.0,1516.0,1516,1,794.939128435762
2024,4,18753,1,9,1,1,202404187531000912,1,2,6,1,2,,2,76.0,2,2,4.0,4.0,1947.0,2,2,2,2,2,2,2,2,2,2,2,2,2,2,2,2,,,,,,,,,,,,,,,,,,,,,,,,,,,,,,,,,,2,5,2,2,3,,,1,5,2,,2,,2,,2,,1,5,2,,2,,2,,2,,2,,2,,2,,3,4,,2,2,2,2,2,2,10,1,4,,,,,,,,,,,,,1,632.130221188741
2024,4,18753,1,10,1,1,202404187531001011,1,1,1,1,2,,2,68.0,1,1,31.0,8.0,1955.0,1,,,,,,,,,,,,,,,,5212.0,4721.0,2,,3,2,1,1.0,11.0,11.0,11.0,11.0,11.0,11.0,11.0,77.0,,77.0,1,,2,,2,2,,,,,,,,,,,,,,,,,1,5,2,,2,,2,,2,,1,5,2,,2,,2,,2,,2,,2,,2,,4,5,,2,2,2,2,2,2,1,7,1,,,297,260.0,,,,,,557.0,557.0,557,1,632.130221188741
2024,4,18753,1,10,1,1,202404187531001012,1,2,5,1,2,,1,18.0,2,2,22.0,7.0,2005.0,1,,,,,,,,,,,,,,,,7231.0,4520.0,3,5,2,2,1,3.0,0.0,9.0,9.0,9.0,0.0,0.0,0.0,27.0,,27.0,1,,2,,2,2,2,150,60.0,,,,,,,,,,,,,,2,5,2,,2,,2,,2,,1,5,2,,2,,2,,2,,2,,2,,2,,8,1,,2,2,2,2,2,2,10,7,1,650.0,260,,,,,,,,910.0,910.0,910,1,701.23630510417
2024,4,27680,1,28,1,1,202404276801002811,1,1,1,1,2,,1,60.0,1,1,24.0,8.0,1963.0,2,2,2,2,2,2,2,2,2,2,2,2,2,2,2,2,,,,,,,,,,,,,,,,,,,,,,,,,,,,,,,,,,2,6,1,1,3,,,2,6,2,,2,,2,,2,,2,,2,,2,,2,,2,,2,,2,,2,,10,1,,2,2,2,2,2,2,10,7,4,,,,,,,,,,,,,1,878.950331545819
2024,4,27680,1,28,1,1,202404276801002812,1,2,3,1,2,,2,31.0,2,1,,,1993.0,1,,,,,,,,,,,,,,,,5142.0,9602.0,3,5,2,1,1,4.0,0.0,10.0,10.0,10.0,6.0,0.0,10.0,46.0,12.0,58.0,1,,2,,2,2,2,450,,,,,,700.0,,,,,,,,,2,6,2,,2,,2,,2,,2,,2,,2,,2,,2,,2,,2,,2,,11,5,,2,2,2,2,2,2,10,7,1,1949.0,,,,,700,,,,2649.0,1949.0,2649,1,990.522112315916
2024,4,27680,1,30,1,1,202404276801003011,1,1,1,1,2,,2,87.0,1,1,3.0,5.0,1936.0,2,2,2,2,2,2,2,2,2,2,2,2,2,2,2,2,,,,,,,,,,,,,,,,,,,,,,,,,,,,,,,,,,2,6,2,2,3,,,1,2,2,,1,2,2,,2,,2,,2,,2,,2,,2,,2,,2,,2,,4,5,,2,2,2,2,2,2,10,5,4,,,,,,,,,,,,,1,746.889304323881
2024,4,2442801,1,14,1,1,20240424428011001411,1,1,1,1,2,,1,56.0,1,1,11.0,11.0,1967.0,1,,,,,,,,,,,,,,,,7234.0,3312.0,2,,2,2,1,1.0,3.0,3.0,3.0,3.0,0.0,0.0,0.0,12.0,33.0,45.0,1,,1,1,1,2,,,,,,,,1800.0,,,,,,,,,1,5,2,,2,,2,,2,,1,5,2,,2,,2,,1,5,2,,2,,2,,11,5,,2,2,2,2,2,2,10,7,1,,,1515,,,1800,,,,3315.0,1515.0,3315,1,745.993542859633
2024,4,2442801,1,14,1,1,20240424428011001412,1,2,3,1,2,,2,35.0,2,2,26.0,3.0,1989.0,1,,,,,,,,,,,,,,,,3257.0,8610.0,3,5,1,,5,579.0,0.0,5.0,8.0,8.0,0.0,0.0,0.0,21.0,,21.0,1,,1,1,1,2,4,5000,,,,,,,,,,,,,,,1,1,1,1,2,,2,,2,,2,,2,,2,,2,,1,1,2,,2,,2,,12,2,,2,2,2,2,2,2,10,7,1,5000.0,,,,,,,,1251,5000.0,5000.0,6251,1,840.688117777719
2024,4,2442801,1,14,1,1,20240424428011001413,1,3,3,1,2,,1,21.0,3,3,13.0,8.0,2002.0,2,2,2,2,2,2,2,2,2,2,2,2,2,2,2,2,,,,,,,,,,,,,,,,,,,,,,,,,,,,,,,,,,2,4,1,2,6,,,1,5,2,,2,,2,,2,,1,5,1,4,2,,2,,2,,2,,2,,2,,10,2,,2,2,2,2,2,2,10,7,4,,,,,,,,,,,,,1,703.20963608874
2024,4,2442801,1,14,1,1,20240424428011001414,1,4,3,1,2,,2,17.0,4,4,21.0,6.0,2006.0,2,2,2,2,2,2,2,2,2,2,2,2,2,2,2,2,,,,,,,,,,,,,,,,,,,,,,,,,,,,,,,,,,2,5,2,2,3,,,1,5,2,,2,,2,,2,,1,5,2,,2,,2,,2,,2,,2,,2,,6,5,,2,2,2,2,2,2,10,7,4,,,,,,,,,,,,,1,744.337362822422
2024,4,2442801,1,15,1,1,20240424428011001511,1,1,1,1,2,,1,46.0,1,2,15.0,11.0,1977.0,1,,,,,,,,,,,,,,,,3314.0,2395.0,3,5,1,,4,500.0,0.0,8.0,8.0,8.0,0.0,0.0,8.0,32.0,,48.0,2,48,1,1,1,2,4,3500,,,,,,,,,,,,,,,1,1,1,1,2,,2,,2,,2,,2,,2,,2,,1,1,2,,2,,2,,9,3,,2,2,2,2,2,2,10,7,1,3500.0,,,,,,,,884,3500.0,3500.0,4384,1,745.993542859633
2024,4,2442801,1,15,1,1,20240424428011001512,1,2,2,1,2,,2,45.0,2,2,10.0,10.0,1978.0,1,,,,,,,,,,,,,,,,5212.0,4761.0,2,,2,2,1,1.0,8.0,8.0,8.0,8.0,8.0,8.0,8.0,56.0,,56.0,1,,1,1,1,2,,,,,,,,,,,,,,,,,1,1,1,4,2,,2,,2,,2,,2,,2,,2,,2,,2,,2,,2,,6,5,,2,2,2,2,2,2,10,7,1,,,1048,20.0,,,,,,1068.0,1068.0,1068,1,633.90908252646
2024,4,2442801,1,15,1,1,20240424428011001513,1,3,3,1,2,,2,15.0,3,2,9.0,3.0,2009.0,2,2,2,2,2,2,2,2,2,2,2,2,2,2,2,2,,,,,,,,,,,,,,,,,,,,,,,,,,,,,,,,,,2,4,2,2,5,,,2,1,1,4,2,,2,,2,,2,,2,,2,,2,,2,,2,,2,,2,,5,3,,2,2,2,2,2,2,10,7,4,,,,,,,,,,,,,1,744.337362822422
2024,4,21270,1,82,1,1,202404212701008211,1,1,1,1,2,,1,67.0,1,1,26.0,12.0,1956.0,2,2,2,2,2,2,2,2,2,2,2,2,2,2,2,2,,,,,,,,,,,,,,,,,,,,,,,,,,,,,,,,,,2,5,1,1,3,,,1,1,1,3,2,,2,,2,,2,,2,,2,,2,,1,3,2,,2,,2,,8,1,,2,2,2,2,2,2,10,7,4,,,,,,,,,,,,,1,1214.03859680954
2024,4,21270,1,82,1,1,202404212701008212,1,3,3,1,2,,2,39.0,3,3,14.0,5.0,1984.0,1,,,,,,,,,,,,,,,,2221.0,8610.0,3,5,1,,4,150.0,12.0,0.0,12.0,0.0,12.0,0.0,0.0,36.0,,36.0,1,,2,,2,2,4,2500,60.0,,,,,,,,,,,,,,2,1,1,1,2,,2,,2,,2,,2,,2,,2,,1,1,2,,2,,2,,11,5,,2,2,2,2,2,2,10,7,1,2500.0,260,,,,,,,416,2760.0,2760.0,3176,1,1368.14565304269
2024,4,21270,1,82,1,1,202404212701008213,1,4,4,1,2,,1,42.0,4,4,29.0,3.0,1982.0,2,2,2,2,2,2,2,2,2,2,2,2,2,2,2,2,,,,,,,,,,,,,,,,,,,,,,,,,,,,,,,,,,2,7,2,2,7,,,1,1,1,4,2,,2,,2,,2,,2,,2,,2,,1,5,2,,2,,2,,10,3,,2,2,2,2,2,2,10,7,4,,,,,,,,,,,,,1,1297.33376261084
2024,4,21270,1,82,1,1,202404212701008214,1,5,5,1,2,,2,14.0,5,5,27.0,10.0,2009.0,2,2,2,2,2,2,2,2,2,2,2,2,2,2,2,2,,,,,,,,,,,,,,,,,,,,,,,,,,,,,,,,,,2,4,2,2,5,,,2,1,1,4,2,,2,,2,,2,,2,,2,,2,,2,,2,,2,,2,,5,2,,2,2,2,2,2,2,10,7,4,,,,,,,,,,,,,1,1211.34331009066
2024,4,21270,1,82,1,1,202404212701008215,1,2,3,1,2,,1,28.0,2,2,8.0,8.0,1995.0,1,,,,,,,,,,,,,,,,9621.0,4923.0,2,,2,2,1,1.0,0.0,9.0,9.0,9.0,9.0,9.0,9.0,54.0,6.0,60.0,1,,1,2,2,2,,,,,,,,800.0,,,,,,,,,1,6,2,,2,,2,,2,,2,,2,,2,,2,,2,,2,,2,,2,,10,2,,2,2,2,2,2,2,10,7,1,,,2000,,,800,,,,2800.0,2000.0,2800,1,1297.33376261084
2024,4,21270,1,85,1,1,202404212701008511,1,1,1,1,2,,1,59.0,1,1,22.0,8.0,1964.0,1,,,,,,,,,,,,,,,,8322.0,4922.0,2,,3,2,1,1.0,15.0,0.0,0.0,0.0,0.0,0.0,0.0,15.0,,15.0,1,,2,,2,2,,,,,,,,,,,,,,,,,1,5,2,,2,,2,,2,,1,5,2,,2,,2,,2,,2,,2,,2,,6,5,,2,2,2,2,2,2,10,7,1,,,650,,,,,,,650.0,650.0,650,1,1214.03859680954
2024,4,21270,1,85,1,1,202404212701008512,1,2,2,1,2,,2,58.0,2,2,30.0,3.0,1966.0,2,2,2,2,2,2,2,2,2,2,2,2,2,2,2,2,,,,,,,,,,,,,,,,,,,,,,,,,,,,,,,,,,2,5,2,2,6,,,1,1,1,5,2,,2,,2,,2,,2,,2,,2,,1,5,2,,2,,2,,9,3,,2,2,2,2,2,2,10,7,4,,,,,,,,,,,,,1,1031.63103812556
2024,4,21270,1,85,1,1,202404212701008513,1,3,3,1,2,,1,29.0,3,3,22.0,9.0,1994.0,1,,,,,,,,,,,,,,,,4312.0,6419.0,3,5,1,,5,1000.0,0.0,8.0,8.0,8.0,8.0,8.0,0.0,40.0,,40.0,1,,2,,2,2,4,1125,,,,,,,,,,,,,,,1,1,1,1,2,,2,,2,,2,,2,,2,,2,,1,1,2,,2,,2,,11,5,,2,2,2,2,2,2,10,7,1,1125.0,,,,,,,,463,1125.0,1125.0,1588,1,1297.33376261084
2024,4,21270,1,85,1,1,202404212701008514,1,4,3,1,2,,1,17.0,4,2,25.0,10.0,2006.0,2,2,2,2,2,2,2,2,2,2,2,2,2,2,2,2,,,,,,,,,,,,,,,,,,,,,,,,,,,,,,,,,,2,4,2,2,5,,,2,5,2,,2,,2,,2,,1,5,2,,2,,2,,2,,2,,2,,2,,6,5,,2,2,2,2,2,2,10,7,4,,,,,,,,,,,,,1,1144.41156767594
2024,4,21270,1,86,1,1,202404212701008611,1,1,1,1,2,,2,74.0,1,1,3.0,2.0,1950.0,2,2,2,2,2,2,2,2,2,2,2,2,2,2,2,2,,,,,,,,,,,,,,,,,,,,,,,,,,,,,,,,,,2,5,2,2,6,,,1,1,1,4,2,,2,,2,,2,,2,,2,,2,,2,,2,,2,,2,,4,5,,2,2,2,2,2,2,10,7,4,,,,,,,,,,,,,1,1031.63103812556
2024,4,21270,1,86,1,1,202404212701008612,1,2,3,1,2,,1,48.0,2,2,24.0,3.0,1976.0,1,,,,,,,,,,,,,,,,9622.0,7830.0,3,5,1,,2,40.0,0.0,11.0,11.0,11.0,11.0,11.0,11.0,66.0,,66.0,1,,2,,2,2,4,1800,,,,,,,,,,,,,,,1,5,2,,2,,2,,2,,1,5,2,,2,,2,,1,5,2,,2,,2,,9,3,,2,2,2,2,2,2,10,7,1,1800.0,,,,,,,,,1800.0,1800.0,1800,1,1214.03859680954
2024,4,21270,1,86,1,1,202404212701008616,1,3,3,1,2,,2,33.0,3,3,13.0,8.0,1990.0,2,2,2,2,2,2,2,2,2,2,2,2,2,2,2,2,,,,,,,,,,,,,,,,,,,,,,,,,,,,,,,,,,2,5,2,2,6,,,1,5,2,,2,,2,,2,,1,5,2,,2,,2,,2,,2,,2,,2,,6,5,,2,2,2,2,2,2,10,7,4,,,,,,,,,,,,,1,1368.14565304269
2024,4,21270,1,86,1,1,202404212701008617,1,4,5,1,2,,1,5.0,,,,,,,,,,,,,,,,,,,,,,,,,,,,,,,,,,,,,,,,,,,,,,,,,,,,,,,,,,,,,,,,,,,,,,,,,,,,,,,,,,,,,,,,,,,,,,,,,,,,,,,,,,,,,,,,1,
2024,4,29390,1,23,1,1,202404293901002311,1,1,1,1,2,,2,72.0,1,1,24.0,12.0,1951.0,2,2,2,2,2,2,2,2,2,2,2,2,2,2,2,2,,,,,,,,,,,,,,,,,,,,,,,,,,,,,,,,,,2,6,2,2,3,,,1,1,1,3,2,,2,,2,,2,,2,,2,,2,,1,3,2,,2,,2,,10,2,,2,2,2,2,2,2,10,7,4,,,,,,,,,,,,,1,738.704543047615
2024,4,29390,1,23,1,1,202404293901002312,1,2,3,1,1,,1,40.0,,,,,,,,,,,,,,,,,,,,,,,,,,,,,,,,,,,,,,,,,,,,,,,,,,,,,,,,,,,,,,,,,,,,,,,,,,,,,,,,,,,,,,,,,,,,,,,,,,,,,,,,,,,,,,,,0,
2024,4,29390,1,24,1,1,202404293901002411,1,1,1,1,2,,2,74.0,1,1,11.0,10.0,1949.0,2,2,2,2,2,2,2,2,2,2,2,2,2,2,2,2,,,,,,,,,,,,,,,,,,,,,,,,,,,,,,,,,,2,6,2,2,3,,,1,1,1,3,2,,2,,2,,2,,2,,2,,2,,2,,2,,1,3,2,,11,5,,2,2,2,2,2,2,10,7,4,,,,,,,,,,,,,1,738.704543047615
2024,4,29390,1,24,1,1,202404293901002412,1,2,2,1,2,,1,87.0,2,1,9.0,4.0,1936.0,2,2,2,2,2,2,2,2,2,2,2,2,2,2,2,2,,,,,,,,,,,,,,,,,,,,,,,,,,,,,,,,,,2,6,2,2,3,,,1,1,1,3,2,,2,,2,,2,,2,,2,,2,,2,,2,,1,3,2,,11,7,,2,2,2,2,2,2,10,7,4,,,,,,,,,,,,,1,869.318383952315
2024,4,20288,1,5,1,1,202404202881000511,1,1,1,1,2,,1,68.0,1,1,17.0,11.0,1955.0,1,,,,,,,,,,,,,,,,5211.0,4663.0,2,,3,2,1,1.0,0.0,1.0,4.0,4.0,0.0,0.0,0.0,9.0,,30.0,2,30,1,1,1,2,,,,,,,,,,,,,,,,,1,5,2,,2,,2,,2,,1,5,2,,2,,2,,2,,2,,2,,2,,3,4,,2,2,2,2,2,2,10,7,1,,,1400,,,,,,,1400.0,1400.0,1400,1,713.418329678486
2024,4,20288,1,5,1,1,202404202881000512,1,2,2,1,2,,2,61.0,2,2,11.0,3.0,1963.0,1,,,,,,,,,,,,,,,,7352.0,1410.0,2,,3,2,1,2.0,0.0,10.0,10.0,5.0,0.0,0.0,0.0,25.0,18.0,50.0,2,50,1,1,1,2,,,,,,90,,,,,,,,,,,1,5,2,,2,,2,,2,,1,5,2,,2,,2,,2,,2,,2,,2,,6,5,,2,2,2,2,2,2,10,7,1,,,1104,,90.0,,,,,1194.0,1104.0,1194,1,606.228248424857
2024,4,20288,1,5,1,1,202404202881000514,1,3,3,1,2,,1,21.0,3,3,22.0,12.0,2002.0,1,,,,,,,,,,,,,,,,3422.0,9311.0,2,,2,2,1,1.0,0.0,3.0,0.0,3.0,0.0,2.0,0.0,8.0,32.0,43.0,2,43,1,2,2,1,,,,,,1250,,,,,,,,,,,1,5,2,,2,,2,,2,,1,5,2,,2,,2,,1,5,2,,2,,2,,10,2,,2,2,2,2,2,2,10,7,1,,,710,,1250.0,,,,,1960.0,710.0,1960,1,672.502662783292
2024,4,20288,1,7,1,1,202404202881000711,1,1,1,1,2,,2,64.0,1,1,16.0,2.0,1960.0,1,,,,,,,,,,,,,,,,4416.0,8423.0,3,2,,,5,9998.0,0.0,8.0,8.0,8.0,0.0,0.0,0.0,24.0,,40.0,2,40,2,,2,2,4,3000,,,,,,,,,,,,,,,1,1,1,1,2,,2,,2,,2,,2,,2,,2,,2,,1,1,2,,2,,11,6,,2,2,2,2,2,2,10,7,1,3000.0,,,,,,,,50,3000.0,3000.0,3050,1,606.228248424857
2024,4,20288,1,10,1,1,202404202881001011,1,1,1,1,2,,2,72.0,1,1,11.0,9.0,1951.0,2,2,2,2,2,2,2,2,2,2,2,2,2,2,2,2,,,,,,,,,,,,,,,,,,,,,,,,,,,,,,,,,,2,6,2,2,6,,,1,1,1,3,2,,2,,2,,2,,2,,2,,2,,2,,1,3,2,,2,,5,4,,2,2,2,2,2,2,1,1,4,,,,,,,,,,,,,1,606.228248424857
2024,4,20288,1,10,1,1,202404202881001012,1,2,3,1,2,,1,45.0,2,2,21.0,12.0,1978.0,1,,,,,,,,,,,,,,,,4419.0,8422.0,3,2,,,5,9998.0,8.0,8.0,8.0,8.0,0.0,0.0,0.0,32.0,,40.0,2,40,2,,2,2,4,2750,,,,,,,,,,,,,,,1,1,1,1,2,,2,,2,,2,,2,,2,,2,,2,,1,1,2,,2,,6,5,,2,2,2,2,2,2,10,7,1,2750.0,,,,,,,,50,2750.0,2750.0,2800,1,713.418329678486
2024,4,20288,1,94,1,1,202404202881009411,1,1,1,1,2,,2,60.0,1,1,29.0,6.0,1963.0,2,2,2,2,2,2,2,2,2,2,2,2,2,2,2,2,,,,,,,,,,,,,,,,,,,,,,,,,,,,,,,,,,2,5,2,2,6,,,1,5,2,,2,,2,,2,,1,5,2,,2,,2,,2,,2,,2,,2,,9,3,,2,2,2,2,2,2,10,7,4,,,,,,,,,,,,,1,606.228248424857
2024,4,20288,1,94,1,1,202404202881009412,1,2,3,1,2,,1,27.0,2,1,16.0,6.0,1996.0,2,2,2,2,2,2,2,2,2,2,2,2,2,2,2,2,,,,,,,,,,,,,,,,,,,,,,,,,,,,,,,,,,2,7,1,2,7,,,1,5,2,,2,,2,,2,,1,5,2,,2,,2,,2,,2,,2,,2,,10,1,,2,2,2,2,2,2,10,7,4,,,,,,,,,,,,,1,762.36594815818
2024,4,20288,1,94,1,1,202404202881009413,1,3,5,1,2,,2,9.0,,,,,,,,,,,,,,,,,,,,,,,,,,,,,,,,,,,,,,,,,,,,,,,,,,,,,,,,,,,,,,,,,,,,,,,,,,,,,,,,,,,,,,,,,,,,,,,,,,,,,,,,,,,,,,,,1,
2024,4,2062402,1,39,1,1,20240420624021003911,1,1,1,1,2,,1,69.0,1,1,4.0,4.0,1955.0,1,,,,,,,,,,,,,,,,8332.0,8411.0,3,2,,,5,9000.0,0.0,11.0,11.0,11.0,11.0,0.0,11.0,55.0,,66.0,2,66,2,,2,2,4,1800,,,,,,,,,,,,,,,1,1,1,1,2,,2,,2,,2,,2,,2,,2,,2,,1,1,2,,2,,4,5,,2,2,2,2,2,2,2,2,1,1800.0,,,,,,,,50,1800.0,1800.0,1850,1,840.899643355891
2024,4,2062402,1,39,1,1,20240420624021003912,1,2,2,1,2,,2,68.0,2,2,22.0,4.0,1955.0,2,2,2,2,2,2,2,2,2,2,2,2,2,2,2,2,,,,,,,,,,,,,,,,,,,,,,,,,,,,,,,,,,2,5,1,2,7,,,1,1,1,4,2,,2,,2,,2,,2,,2,,2,,2,,2,,2,,2,,1,,,2,2,2,2,2,2,2,2,4,,,,,,,,,,,,,1,714.55567748374
2024,4,2062402,1,40,1,1,20240420624021004011,1,1,1,1,2,,1,48.0,1,1,20.0,7.0,1975.0,1,,,,,,,,,,,,,,,,7432.0,3220.0,2,,3,2,1,1.0,0.0,5.0,5.0,5.0,0.0,0.0,0.0,15.0,,40.0,2,40,1,1,1,2,,,,,,,,,,,,,,,,,1,5,2,,2,,2,,2,,1,5,2,,2,,2,,2,,2,,2,,2,,6,5,,2,2,2,2,2,2,10,2,1,,,900,,,,,,,900.0,900.0,900,1,840.899643355891
2024,4,2062402,1,40,1,1,20240420624021004012,1,2,2,1,2,,2,46.0,2,2,4.0,12.0,1977.0,1,,,,,,,,,,,,,,,,8153.0,1410.0,3,5,2,2,1,2.0,0.0,0.0,8.0,8.0,8.0,0.0,8.0,32.0,,32.0,1,,1,1,1,1,2,250,52.0,,,,,,,,,,,,,,1,5,2,,2,,2,,2,,1,5,2,,2,,2,,2,,2,,2,,2,,5,2,,2,2,2,2,2,2,10,7,1,1083.0,225,,,,,,,,1308.0,1308.0,1308,1,714.55567748374
2024,4,2062402,1,40,1,1,20240420624021004013,1,3,3,1,2,,1,17.0,3,3,7.0,12.0,2006.0,2,2,2,2,2,2,2,2,2,2,2,2,2,2,2,2,,,,,,,,,,,,,,,,,,,,,,,,,,,,,,,,,,2,8,1,1,11,,,1,5,2,,2,,2,,2,,1,5,2,,2,,2,,2,,2,,2,,2,,6,5,,2,2,2,2,2,2,10,7,4,,,,,,,,,,,,,1,792.672721971152
2024,4,2062402,1,44,1,1,20240420624021004411,1,1,1,1,2,,1,68.0,1,1,28.0,7.0,1955.0,2,2,2,2,2,2,2,2,2,2,2,2,2,2,2,2,,,,,,,,,,,,,,,,,,,,,,,,,,,,,,,,,,2,6,2,2,3,,,1,4,2,,2,,2,,1,3,2,,2,,2,,2,,2,,2,,2,,1,3,6,5,,2,2,2,2,2,2,10,7,4,,,,,,,,,,,,,1,840.899643355891
2024,4,2062402,1,44,1,1,20240420624021004412,1,2,2,1,2,,2,63.0,2,2,27.0,7.0,1960.0,2,2,2,2,2,2,2,2,2,2,2,2,2,2,2,2,,,,,,,,,,,,,,,,,,,,,,,,,,,,,,,,,,2,5,1,1,3,,,1,4,2,,2,,2,,1,4,2,,2,,2,,2,,2,,2,,2,,2,,4,5,,2,2,2,2,2,2,10,7,4,,,,,,,,,,,,,1,714.55567748374
2024,4,2963902,1,35,1,1,20240429639021003511,1,1,1,1,2,,2,18.0,1,1,27.0,2.0,2006.0,1,,,,,,,,,,,,,,,,8153.0,1410.0,3,5,3,2,1,3.0,0.0,9.0,9.0,9.0,9.0,9.0,6.0,51.0,,51.0,1,,2,,2,1,2,190,,,,,,,,,,,,,,,2,5,2,,2,,2,,2,,1,5,2,,2,,2,,2,,2,,2,,2,,5,1,,2,2,2,2,2,2,10,5,1,823.0,,,,,,,,,823.0,823.0,823,1,1211.00172480538
2024,4,2963902,1,38,1,1,20240429639021003811,1,1,1,1,2,,1,34.0,1,1,19.0,4.0,1989.0,1,,,,,,,,,,,,,,,,8321.0,4922.0,2,,3,2,1,1.0,0.0,5.0,5.0,5.0,5.0,5.0,5.0,30.0,14.0,36.0,2,36,1,2,2,1,,,,,,,,,,,,,,,,,1,5,2,,2,,2,,2,,1,5,2,,2,,2,,2,,2,,2,,2,,5,3,,2,2,2,2,2,2,10,1,1,,,1410,,,,,,,1410.0,1410.0,1410,1,1296.96792897828
2024,4,2963902,1,38,1,1,20240429639021003812,1,2,2,1,2,,2,35.0,2,1,8.0,9.0,1988.0,1,,,,,,,,,,,,,,,,9411.0,5610.0,2,,3,2,1,3.0,10.0,10.0,10.0,10.0,10.0,10.0,10.0,70.0,,70.0,1,,2,,2,2,,,,,,,,,,,,,,,,,1,5,2,,2,,2,,2,,1,5,2,,2,,2,,2,,2,,2,,2,,5,2,,2,2,2,2,2,2,10,1,1,,,1650,78.0,,,,,,1728.0,1728.0,1728,1,1367.75985124784
2024,4,2963902,1,38,1,1,20240429639021003813,1,3,3,1,2,,2,16.0,3,3,5.0,3.0,2008.0,1,,,,,,,,,,,,,,,,9412.0,5610.0,4,,3,2,1,3.0,2.0,2.0,2.0,2.0,2.0,2.0,2.0,14.0,,,1,,2,,,,,,,,,,,,,2,4,1,2,3,,,2,5,2,,2,,2,,2,,1,5,2,,2,,2,,2,,2,,2,,2,,5,4,,2,2,2,2,2,2,10,1,4,,,,,,,,,,,,,1,1211.00172480538
2024,4,2963902,1,38,1,1,20240429639021003814,1,4,3,1,2,,2,9.0,,,,,,,,,,,,,,,,,,,,,,,,,,,,,,,,,,,,,,,,,,,,,,,,,,,,,,,,,,,,,,,,,,,,,,,,,,,,,,,,,,,,,,,,,,,,,,,,,,,,,,,,,,,,,,,,1,
2024,4,2963902,1,38,1,1,20240429639021003815,1,5,3,1,2,,1,6.0,,,,,,,,,,,,,,,,,,,,,,,,,,,,,,,,,,,,,,,,,,,,,,,,,,,,,,,,,,,,,,,,,,,,,,,,,,,,,,,,,,,,,,,,,,,,,,,,,,,,,,,,,,,,,,,,1,
2024,4,2963902,1,38,1,1,20240429639021003816,1,6,3,1,2,,1,4.0,,,,,,,,,,,,,,,,,,,,,,,,,,,,,,,,,,,,,,,,,,,,,,,,,,,,,,,,,,,,,,,,,,,,,,,,,,,,,,,,,,,,,,,,,,,,,,,,,,,,,,,,,,,,,,,,1,
2024,4,2963902,1,38,1,1,20240429639021003817,1,7,3,1,2,,2,1.0,,,,,,,,,,,,,,,,,,,,,,,,,,,,,,,,,,,,,,,,,,,,,,,,,,,,,,,,,,,,,,,,,,,,,,,,,,,,,,,,,,,,,,,,,,,,,,,,,,,,,,,,,,,,,,,,1,
2024,4,2963902,1,38,1,1,20240429639021003818,1,8,11,1,2,,2,15.0,8,8,2.0,6.0,2008.0,2,2,2,2,2,2,2,2,2,2,2,2,2,2,2,2,,,,,,,,,,,,,,,,,,,,,,,,,,,,,,,,,,2,4,2,2,5,,,2,5,2,,2,,2,,2,,1,5,2,,2,,2,,2,,2,,2,,2,,5,3,,2,2,2,2,2,2,10,9,4,,,,,,,,,,,,,1,1211.00172480538
2024,4,2963902,1,39,1,1,20240429639021003911,1,1,1,1,2,,2,48.0,1,1,20.0,3.0,1976.0,1,,,,,,,,,,,,,,,,9533.0,4789.0,2,,3,2,1,1.0,2.0,0.0,0.0,0.0,0.0,0.0,0.0,2.0,,4.0,2,4,1,2,2,1,,,,,,,,,,,,,,,,,1,5,2,,2,,2,,2,,1,5,2,,2,,2,,2,,2,,2,,2,,6,5,,2,2,2,2,2,2,1,1,1,,,60,,,,,,,60.0,60.0,60,1,1031.34012969396
2024,4,2963902,1,39,1,1,20240429639021003912,1,2,3,1,1,,1,23.0,,,,,,,,,,,,,,,,,,,,,,,,,,,,,,,,,,,,,,,,,,,,,,,,,,,,,,,,,,,,,,,,,,,,,,,,,,,,,,,,,,,,,,,,,,,,,,,,,,,,,,,,,,,,,,,,0,
2024,4,2963902,1,39,1,1,20240429639021003913,1,3,3,1,2,,1,18.0,3,3,22.0,11.0,2005.0,2,2,2,2,2,2,2,2,2,2,2,2,2,2,2,2,,,,,,,,,,,,,,,,,,,,,,,,,,,,,,,,,,1,4,1,2,13,5,2,1,5,2,,2,,2,,2,,1,5,2,,2,,2,,2,,2,,2,,2,,6,5,,2,2,2,2,2,2,10,1,2,,,,,,,,,,,,,1,1144.08885639453
2024,4,2963902,1,39,1,1,20240429639021003914,1,4,3,1,2,,2,15.0,4,4,7.0,10.0,2008.0,1,,,,,,,,,,,,,,,,7513.0,1071.0,2,,3,2,1,1.0,4.0,5.0,5.0,1.0,0.0,0.0,0.0,15.0,2.0,18.0,2,18,2,,2,2,,,,,,,,30.0,10,,,,,,,,1,5,2,,2,,2,,2,,1,5,2,,2,,2,,2,,2,,2,,2,,5,3,,2,2,2,2,2,2,10,1,1,,,703,10.0,,30,,10.0,,753.0,713.0,753,1,1211.00172480538
2024,4,2963902,1,39,1,1,20240429639021003915,1,5,3,1,2,,2,30.0,5,5,7.0,8.0,1993.0,1,,,,,,,,,,,,,,,,9629.0,8299.0,2,,2,2,1,1.0,0.0,0.0,0.0,0.0,0.0,4.0,3.0,7.0,,7.0,1,,1,1,1,1,,,,,,,,,,,,,,,,,1,1,1,4,2,,2,,2,,2,,2,,2,,2,,1,5,2,,2,,2,,10,4,,2,2,2,2,2,2,10,1,1,,,255,,,,,,,255.0,255.0,255,1,1367.75985124784
2024,4,2963902,1,39,1,1,20240429639021003916,1,6,5,1,2,,1,,,,,,,,,,,,,,,,,,,,,,,,,,,,,,,,,,,,,,,,,,,,,,,,,,,,,,,,,,,,,,,,,,,,,,,,,,,,,,,,,,,,,,,,,,,,,,,,,,,,,,,,,,,,,,,,,1,
2024,4,2963902,1,39,1,1,20240429639021003917,1,7,6,1,2,,2,79.0,7,7,13.0,9.0,1944.0,2,2,2,2,2,2,2,2,2,2,2,2,2,2,2,2,,,,,,,,,,,,,,,,,,,,,,,,,,,,,,,,,,2,6,2,2,3,,,1,6,2,,2,,2,,2,,2,,2,,2,,2,,2,,2,,2,,2,,2,1,,2,2,2,2,2,2,1,1,4,,,,,,,,,,,,,1,1031.34012969396
2024,4,2626601,1,37,1,1,20240426266011003711,1,1,1,1,2,,1,73.0,1,1,4.0,2.0,1951.0,2,2,2,2,2,2,2,2,2,2,2,2,2,2,2,2,,,,,,,,,,,,,,,,,,,,,,,,,,,,,,,,,,2,6,1,2,3,,,1,1,1,5,2,,2,,2,,2,,2,,2,,2,,1,5,2,,2,,2,,12,2,,2,2,2,2,2,2,1,1,4,,,,,,,,,,,,,1,880.597321276796
2024,4,2626601,1,37,1,1,20240426266011003712,1,2,2,1,2,,2,68.0,2,2,29.0,6.0,1955.0,2,2,2,2,2,2,2,2,2,2,2,2,2,2,2,2,,,,,,,,,,,,,,,,,,,,,,,,,,,,,,,,,,2,5,1,2,3,,,1,1,1,5,2,,2,,2,,2,,2,,2,,2,,1,5,2,,2,,2,,11,5,,2,2,2,2,2,2,1,1,4,,,,,,,,,,,,,1,748.288836208959
2024,4,2626601,1,38,1,1,20240426266011003811,1,1,1,1,2,,2,69.0,1,1,11.0,6.0,1954.0,2,2,2,2,2,2,2,2,2,2,2,2,2,2,2,2,,,,,,,,,,,,,,,,,,,,,,,,,,,,,,,,,,2,6,2,2,3,,,1,1,1,3,2,,2,,2,,2,,2,,2,,2,,2,,1,3,2,,2,,6,5,,2,2,2,2,2,2,10,8,4,,,,,,,,,,,,,1,748.288836208959
2024,4,2186201,1,33,1,1,20240421862011003311,1,1,1,1,2,,2,52.0,1,1,13.0,5.0,1971.0,1,,,,,,,,,,,,,,,,9412.0,5610.0,3,5,3,2,1,3.0,0.0,11.0,11.0,11.0,11.0,11.0,11.0,66.0,,66.0,1,,2,,2,2,2,180,123.0,,,,,,,,,,,,,,1,5,2,,2,,2,,2,,1,5,2,,2,,2,,2,,2,,2,,2,,4,5,,2,2,2,2,2,2,10,9,1,779.0,533,,,,,,,,1312.0,1312.0,1312,1,745.186810144821
2024,4,2186201,1,33,1,1,20240421862011003312,1,2,2,1,2,,1,56.0,2,2,7.0,12.0,1967.0,2,2,2,2,2,2,2,2,2,2,2,2,2,2,2,2,,,,,,,,,,,,,,,,,,,,,,,,,,,,,,,,,,2,5,2,2,7,,,1,5,2,,2,,2,,2,,1,5,2,,2,,2,,2,,2,,2,,2,,4,5,,2,2,2,2,2,2,10,7,4,,,,,,,,,,,,,1,876.946811326054
2024,4,2186201,1,33,1,1,20240421862011003313,1,3,3,1,2,,1,30.0,3,3,17.0,9.0,1993.0,1,,,,,,,,,,,,,,,,5241.0,4759.0,3,5,2,1,1,15.0,0.0,8.0,8.0,8.0,8.0,8.0,8.0,48.0,,48.0,1,,1,1,1,1,4,1025,,,,,,,,,,,,,,,1,5,2,,2,,2,,2,,1,5,2,,2,,2,,1,5,2,,2,,2,,10,2,,2,2,2,2,2,2,10,7,1,1025.0,,,,,,,,,1025.0,1025.0,1025,1,937.114115924349
2024,4,2186201,1,33,1,1,20240421862011003314,1,4,3,1,2,,1,23.0,4,4,22.0,4.0,2000.0,1,,,,,,,,,,,,,,,,9334.0,4921.0,3,5,1,,3,80.0,0.0,0.0,14.0,0.0,14.0,14.0,14.0,56.0,,56.0,1,,2,,2,2,2,250,,,,,,,,,,,,,,,1,5,2,,2,,2,,2,,1,5,2,,2,,2,,2,,2,,2,,2,,6,5,,2,2,2,2,2,2,10,9,1,1083.0,,,,,,,,,1083.0,1083.0,1083,1,826.65252798014
2024,4,2186201,1,33,1,1,20240421862011003315,1,5,4,1,2,,2,21.0,5,5,28.0,1.0,2003.0,2,2,2,2,2,2,2,2,2,2,2,2,2,2,2,2,,,,,,,,,,,,,,,,,,,,,,,,,,,,,,,,,,1,5,1,1,13,4,1,1,5,2,,2,,2,,2,,1,5,2,,2,,2,,2,,2,,2,,2,,6,5,,2,2,2,2,2,2,10,7,2,,,,,,,,,,,,,1,874.999901977421
2024,4,2186201,1,33,1,1,20240421862011003316,1,6,5,1,2,,2,2.0,,,,,,,,,,,,,,,,,,,,,,,,,,,,,,,,,,,,,,,,,,,,,,,,,,,,,,,,,,,,,,,,,,,,,,,,,,,,,,,,,,,,,,,,,,,,,,,,,,,,,,,,,,,,,,,,1,
2024,4,2186201,1,34,1,1,20240421862011003411,1,1,1,1,2,,1,33.0,1,1,13.0,11.0,1990.0,1,,,,,,,,,,,,,,,,7412.0,4321.0,2,,3,2,1,1.0,0.0,0.0,2.0,6.0,6.0,0.0,0.0,14.0,,14.0,1,,1,1,1,2,,,,,,,,,,,,,,,,,1,5,2,,2,,2,,2,,1,5,2,,2,,2,,2,,1,5,2,,2,,9,3,,2,2,2,2,2,2,10,1,1,,,400,,,,,,,400.0,400.0,400,1,937.114115924349
2024,4,2186201,1,34,1,1,20240421862011003412,1,2,2,1,2,,2,32.0,2,2,22.0,1.0,1992.0,1,,,,,,,,,,,,,,,,3213.0,4772.0,3,5,2,1,1,3.0,8.0,8.0,8.0,8.0,0.0,8.0,8.0,48.0,,48.0,1,,2,,2,1,4,800,,,,,,,,,,,,,,,1,5,2,,2,,2,,2,,1,5,2,,2,,2,,2,,2,,2,,2,,9,3,,2,2,2,2,2,2,10,1,1,800.0,,,,,,,,,800.0,800.0,800,1,988.264270195692
2024,4,2186201,1,34,1,1,20240421862011003413,1,3,3,1,2,,1,6.0,,,,,,,,,,,,,,,,,,,,,,,,,,,,,,,,,,,,,,,,,,,,,,,,,,,,,,,,,,,,,,,,,,,,,,,,,,,,,,,,,,,,,,,,,,,,,,,,,,,,,,,,,,,,,,,,1,
2024,4,2186201,1,35,1,1,20240421862011003511,1,1,1,1,2,,1,50.0,1,2,20.0,5.0,1973.0,1,,,,,,,,,,,,,,,,9313.0,4100.0,3,5,3,2,1,4.0,0.0,8.0,8.0,8.0,8.0,8.0,8.0,48.0,,48.0,1,,2,,2,2,2,400,,,,,,,,,,,,,,,1,5,2,,2,,2,,2,,1,5,2,,2,,2,,2,,2,,2,,2,,6,5,,2,2,2,2,2,2,1,1,1,1732.0,,,,,,,,,1732.0,1732.0,1732,1,876.946811326054
2024,4,2186201,1,35,1,1,20240421862011003512,1,2,2,1,2,,2,43.0,2,2,10.0,12.0,1980.0,1,,,,,,,,,,,,,,,,5212.0,4773.0,2,,3,2,1,2.0,10.0,10.0,10.0,10.0,10.0,10.0,10.0,70.0,,70.0,1,,2,,2,2,,,,,,,,,,,,,,,,,1,5,2,,2,,2,,2,,1,5,2,,2,,2,,2,,2,,2,,2,,4,,6,2,2,2,2,2,2,1,1,1,,,40,40.0,,,,,,80.0,80.0,80,1,988.264270195692
2024,4,2186201,1,35,1,1,20240421862011003513,1,3,3,1,2,,1,21.0,3,3,24.0,7.0,2002.0,2,2,2,2,2,2,2,2,2,2,2,2,2,2,2,2,,,,,,,,,,,,,,,,,,,,,,,,,,,,,,,,,,2,8,2,2,11,,,1,5,2,,2,,2,,2,,1,5,2,,2,,2,,2,,2,,2,,2,,6,5,,2,2,2,2,2,2,10,7,4,,,,,,,,,,,,,1,826.65252798014
2024,4,2186201,1,35,1,1,20240421862011003514,1,4,3,1,2,,2,17.0,4,4,20.0,4.0,2006.0,1,,,,,,,,,,,,,,,,9321.0,4630.0,3,5,3,2,1,9.0,0.0,5.0,5.0,5.0,5.0,5.0,0.0,25.0,,25.0,1,,1,1,1,1,2,95,,,,,,,,,,,,,,,2,5,2,,2,,2,,2,,1,5,2,,2,,2,,2,,2,,2,,2,,6,5,,2,2,2,2,2,2,10,6,1,411.0,,,,,,,,,411.0,411.0,411,1,874.999901977421
2024,4,2186201,1,35,1,1,20240421862011003515,1,5,3,1,2,,2,15.0,5,5,31.0,10.0,2008.0,2,2,2,2,2,2,2,2,2,2,2,2,1,2,2,,5223.0,4773.0,4,,3,2,1,2.0,0.0,2.0,2.0,2.0,2.0,2.0,2.0,12.0,,,1,,2,,,,,,,,,,,,,2,4,2,2,5,,,1,5,2,,2,,2,,2,,1,5,2,,2,,2,,2,,2,,2,,2,,5,3,,2,2,2,2,2,2,10,7,4,,,,,,,,,,,,,1,874.999901977421
2024,4,2186201,1,35,1,1,20240421862011003516,1,6,3,1,2,,1,1.0,,,,,,,,,,,,,,,,,,,,,,,,,,,,,,,,,,,,,,,,,,,,,,,,,,,,,,,,,,,,,,,,,,,,,,,,,,,,,,,,,,,,,,,,,,,,,,,,,,,,,,,,,,,,,,,,1,
2024,4,2186201,1,35,1,1,20240421862011003517,1,7,11,1,2,,1,33.0,7,7,13.0,6.0,1990.0,2,2,2,2,2,2,2,2,2,2,2,2,2,2,2,2,,,,,,,,,,,,,,,,,,,,,,,,,,,,,,,,,,2,5,2,2,11,,,1,5,2,,2,,2,,2,,1,5,2,,2,,2,,1,5,2,,2,,2,,6,5,,2,2,2,2,2,2,10,7,4,,,,,,,,,,,,,1,937.114115924349
2024,4,2186201,1,35,1,1,20240421862011003518,1,8,11,1,2,,1,,,,,,,,,,,,,,,,,,,,,,,,,,,,,,,,,,,,,,,,,,,,,,,,,,,,,,,,,,,,,,,,,,,,,,,,,,,,,,,,,,,,,,,,,,,,,,,,,,,,,,,,,,,,,,,,,1,
2024,4,2186201,1,36,1,1,20240421862011003611,1,1,1,1,2,,1,41.0,1,1,18.0,5.0,1982.0,1,,,,,,,,,,,,,,,,9124.0,9609.0,2,,3,2,1,1.0,12.0,12.0,12.0,12.0,12.0,0.0,12.0,72.0,,72.0,1,,2,,2,1,,,,,,,,,,,,,,,,,1,5,2,,2,,2,,2,,1,5,2,,2,,2,,2,,2,,2,,2,,4,,6,2,2,2,2,2,2,10,7,1,,,1345,,,,,,,1345.0,1345.0,1345,1,937.114115924349
2024,4,2186201,1,36,1,1,20240421862011003612,1,2,2,1,2,,2,33.0,2,2,11.0,8.0,1990.0,1,,,,,,,,,,,,,,,,5120.0,5610.0,2,,3,2,1,1.0,0.0,5.0,5.0,5.0,5.0,0.0,0.0,20.0,,25.0,2,25,1,1,1,1,,,,,,,,,,,,,,,,,1,5,2,,2,,2,,2,,1,5,2,,2,,2,,2,,2,,2,,2,,5,1,,2,2,2,2,2,2,10,7,1,,,225,,,,,,,225.0,225.0,225,1,988.264270195692
2024,4,2186201,1,36,1,1,20240421862011003613,1,3,3,1,2,,1,16.0,3,3,17.0,7.0,2007.0,2,2,2,2,2,2,2,2,2,2,2,2,2,2,2,2,,,,,,,,,,,,,,,,,,,,,,,,,,,,,,,,,,2,4,2,2,5,,,1,5,2,,2,,2,,2,,1,5,2,,2,,2,,2,,2,,2,,2,,5,4,,2,2,2,2,2,2,10,9,4,,,,,,,,,,,,,1,826.65252798014
2024,4,2186201,1,36,1,1,20240421862011003614,1,4,3,1,2,,1,15.0,4,4,20.0,12.0,2008.0,2,2,2,2,2,2,2,2,2,2,2,2,2,2,2,2,,,,,,,,,,,,,,,,,,,,,,,,,,,,,,,,,,2,4,2,2,5,,,1,5,2,,2,,2,,2,,1,5,2,,2,,2,,2,,2,,2,,2,,5,3,,2,2,2,2,2,2,10,9,4,,,,,,,,,,,,,1,826.65252798014
2024,4,2186201,1,36,1,1,20240421862011003615,1,5,3,1,2,,2,9.0,,,,,,,,,,,,,,,,,,,,,,,,,,,,,,,,,,,,,,,,,,,,,,,,,,,,,,,,,,,,,,,,,,,,,,,,,,,,,,,,,,,,,,,,,,,,,,,,,,,,,,,,,,,,,,,,1,
2024,4,2186201,1,36,1,1,20240421862011003616,1,6,3,1,2,,2,2.0,,,,,,,,,,,,,,,,,,,,,,,,,,,,,,,,,,,,,,,,,,,,,,,,,,,,,,,,,,,,,,,,,,,,,,,,,,,,,,,,,,,,,,,,,,,,,,,,,,,,,,,,,,,,,,,,1,
2024,4,21921,1,125,1,1,202404219211012511,1,1,1,1,2,,1,32.0,1,1,20.0,4.0,1991.0,1,,,,,,,,,,,,,,,,3314.0,1811.0,1,,1,,1,3.0,0.0,10.0,10.0,10.0,10.0,10.0,3.0,53.0,,53.0,1,,1,1,1,2,,,,4500.0,,,,,,,,,,,,,1,5,2,,2,,2,,2,,1,5,2,,2,,2,,1,5,2,,2,,2,,6,5,,2,2,2,2,2,2,10,7,1,,,4500,,,,,,,4500.0,4500.0,4500,1,720.136044575792
2024,4,21921,1,125,1,1,202404219211012512,1,2,2,1,2,,2,31.0,2,2,15.0,5.0,1992.0,2,2,2,2,2,2,2,2,2,2,2,2,2,2,2,2,,,,,,,,,,,,,,,,,,,,,,,,,,,,,,,,,,2,5,2,2,6,,,1,5,2,,2,,2,,2,,1,5,2,,2,,2,,1,5,2,,2,,2,,9,3,,2,2,2,2,2,2,10,7,4,,,,,,,,,,,,,1,759.4429647795
2024,4,21921,1,125,1,1,202404219211012513,1,3,3,1,2,,1,9.0,,,,,,,,,,,,,,,,,,,,,,,,,,,,,,,,,,,,,,,,,,,,,,,,,,,,,,,,,,,,,,,,,,,,,,,,,,,,,,,,,,,,,,,,,,,,,,,,,,,,,,,,,,,,,,,,1,
2024,4,21921,1,125,1,1,202404219211012514,1,4,3,1,2,,2,2.0,,,,,,,,,,,,,,,,,,,,,,,,,,,,,,,,,,,,,,,,,,,,,,,,,,,,,,,,,,,,,,,,,,,,,,,,,,,,,,,,,,,,,,,,,,,,,,,,,,,,,,,,,,,,,,,,1,
2024,4,21921,1,127,1,1,202404219211012711,1,1,1,1,2,,2,42.0,1,1,26.0,2.0,1982.0,2,2,2,2,2,2,2,2,2,2,2,2,2,2,2,2,,,,,,,,,,,,,,,,,,,,,,,,,,,,,,,,,,2,5,2,2,6,,,1,5,2,,2,,2,,2,,1,5,2,,2,,2,,2,,2,,2,,2,,6,5,,2,2,2,2,2,2,10,7,4,,,,,,,,,,,,,1,759.4429647795
2024,4,21921,1,127,1,1,202404219211012712,1,3,3,1,2,,1,19.0,3,3,20.0,11.0,2004.0,2,2,2,2,2,2,2,2,2,2,2,2,2,2,2,2,,,,,,,,,,,,,,,,,,,,,,,,,,,,,,,,,,2,4,2,2,5,,,1,5,2,,2,,2,,2,,1,5,2,,2,,2,,2,,2,,2,,2,,6,5,,2,2,2,2,2,2,10,7,4,,,,,,,,,,,,,1,635.250575807413
2024,4,21921,1,127,1,1,202404219211012713,1,4,3,1,2,,1,11.0,,,,,,,,,,,,,,,,,,,,,,,,,,,,,,,,,,,,,,,,,,,,,,,,,,,,,,,,,,,,,,,,,,,,,,,,,,,,,,,,,,,,,,,,,,,,,,,,,,,,,,,,,,,,,,,,1,
2024,4,21921,1,127,1,1,202404219211012714,1,5,3,1,2,,2,1.0,,,,,,,,,,,,,,,,,,,,,,,,,,,,,,,,,,,,,,,,,,,,,,,,,,,,,,,,,,,,,,,,,,,,,,,,,,,,,,,,,,,,,,,,,,,,,,,,,,,,,,,,,,,,,,,,1,
2024,4,21921,1,127,1,1,202404219211012715,1,2,2,1,2,,1,41.0,2,2,28.0,8.0,1982.0,1,,,,,,,,,,,,,,,,8331.0,4921.0,2,,3,2,1,1.0,0.0,0.0,0.0,0.0,14.0,14.0,14.0,42.0,,42.0,1,,2,,2,2,,,,,,,,,,,,,,,,,1,6,2,,2,,2,,2,,2,,2,,2,,2,,2,,2,,2,,2,,6,5,,2,2,2,2,2,2,10,1,1,,,1789,,,,,,,1789.0,1789.0,1789,1,720.136044575792
2024,4,21921,1,129,1,1,202404219211012911,1,1,1,1,2,,1,34.0,1,1,3.0,10.0,1989.0,1,,,,,,,,,,,,,,,,7111.0,4100.0,3,5,1,,2,50.0,0.0,8.0,8.0,8.0,0.0,0.0,4.0,28.0,,40.0,2,40,1,1,1,2,4,1025,,,,,,,,,,,,,,,1,1,1,1,2,,2,,2,,2,,2,,2,,2,,2,,1,1,2,,2,,6,5,,2,2,2,2,2,2,10,7,1,1025.0,,,,,,,,170,1025.0,1025.0,1195,1,720.136044575792
2024,4,21921,1,188,1,1,202404219211018811,1,1,1,1,2,,2,49.0,1,1,16.0,9.0,1974.0,1,,,,,,,,,,,,,,,,9112.0,9311.0,3,5,1,,2,50.0,0.0,8.0,8.0,8.0,8.0,8.0,0.0,40.0,,40.0,2,8,2,,2,2,4,1025,,,,,,,,,,,,,,,1,1,1,1,2,,2,,2,,2,,2,,2,,2,,1,1,2,,2,,2,,3,,4,2,2,2,2,2,2,10,7,1,1025.0,,,,,,,,58,1025.0,1025.0,1083,1,572.647314567893
2024,4,21921,1,188,1,1,202404219211018812,1,2,3,1,2,,1,14.0,2,2,2.0,1.0,2010.0,2,2,2,2,2,2,2,2,2,2,2,2,2,2,2,2,,,,,,,,,,,,,,,,,,,,,,,,,,,,,,,,,,2,4,2,2,5,,,2,5,2,,2,,2,,2,,1,5,2,,2,,2,,2,,2,,2,,2,,5,1,,2,2,2,2,2,2,10,7,4,,,,,,,,,,,,,1,635.250575807413
2024,4,21921,1,188,1,1,202404219211018813,1,3,3,1,2,,1,20.0,3,3,2.0,6.0,2003.0,1,,,,,,,,,,,,,,,,9629.0,5221.0,3,5,1,,5,9998.0,4.0,0.0,0.0,0.0,0.0,0.0,0.0,4.0,,48.0,2,48,2,,2,1,4,1025,,,,,,,,,,,,,,,1,5,2,,2,,2,,2,,1,5,2,,2,,2,,1,5,2,,2,,2,,6,5,,2,2,2,2,2,2,10,9,1,1025.0,,,,,,,,,1025.0,1025.0,1025,1,635.250575807413
2024,4,21921,1,188,1,1,202404219211018814,1,4,3,1,2,,2,30.0,4,4,14.0,10.0,1993.0,2,2,2,2,2,2,2,2,2,2,2,2,2,2,2,2,,,,,,,,,,,,,,,,,,,,,,,,,,,,,,,,,,1,5,1,1,13,4,4,1,6,2,,2,,2,,2,,2,,2,,2,,2,,1,5,2,,2,,2,,3,,5,2,2,2,2,2,2,10,9,2,,,,,,,,,,,,,1,759.4429647795
2024,4,21921,1,188,1,1,202404219211018815,1,5,4,1,2,,1,34.0,5,5,22.0,6.0,1989.0,1,,,,,,,,,,,,,,,,7128.0,4330.0,3,5,3,2,1,3.0,0.0,0.0,0.0,8.0,8.0,8.0,8.0,32.0,,32.0,1,,1,1,1,1,2,200,,,,,,,,,,,,,,,1,5,2,,2,,2,,2,,1,5,2,,2,,2,,2,,1,5,2,,2,,5,4,,2,2,2,2,2,2,10,6,1,866.0,,,,,,,,,866.0,866.0,866,1,720.136044575792
2024,4,21921,1,188,1,1,202404219211018816,1,6,5,1,2,,1,13.0,,,,,,,,,,,,,,,,,,,,,,,,,,,,,,,,,,,,,,,,,,,,,,,,,,,,,,,,,,,,,,,,,,,,,,,,,,,,,,,,,,,,,,,,,,,,,,,,,,,,,,,,,,,,,,,,1,
2024,4,21921,1,188,1,1,202404219211018817,1,7,5,1,2,,1,5.0,,,,,,,,,,,,,,,,,,,,,,,,,,,,,,,,,,,,,,,,,,,,,,,,,,,,,,,,,,,,,,,,,,,,,,,,,,,,,,,,,,,,,,,,,,,,,,,,,,,,,,,,,,,,,,,,1,
2024,4,22045,1,65,1,1,202404220451006511,1,1,1,1,2,,1,76.0,1,1,26.0,10.0,1947.0,1,,,,,,,,,,,,,,,,8321.0,4922.0,2,,3,2,1,1.0,0.0,5.0,5.0,5.0,5.0,5.0,4.0,29.0,,29.0,1,,2,,2,2,,,,,,,,,,,,,,,,,1,1,1,5,2,,2,,2,,2,,2,,2,,2,,1,5,2,,2,,2,,6,5,,2,2,2,2,2,2,10,5,1,,,809,,,,,,,809.0,809.0,809,1,938.462593326852
2024,4,22045,1,65,1,1,202404220451006512,1,2,2,1,2,,2,74.0,2,2,17.0,8.0,1949.0,2,2,2,2,2,2,2,2,2,2,2,2,2,2,2,2,,,,,,,,,,,,,,,,,,,,,,,,,,,,,,,,,,2,5,1,1,1,,,1,1,1,5,2,,2,,2,,2,,2,,2,,2,,1,5,2,,2,,2,,6,5,,2,2,2,2,2,2,10,7,3,,,,,,,,,,,,,1,797.459934091098
2024,4,22045,1,65,1,1,202404220451006513,1,3,3,1,2,,1,45.0,3,3,6.0,9.0,1978.0,1,,,,,,,,,,,,,,,,7128.0,4330.0,3,5,3,2,1,4.0,0.0,8.0,0.0,8.0,0.0,8.0,8.0,32.0,6.0,38.0,1,,1,1,1,2,2,600,,,,,,300.0,,,,,,,,,1,6,2,,2,,2,,2,,2,,2,,2,,2,,1,5,2,,2,,2,,6,5,,2,2,2,2,2,2,10,7,1,2598.0,,,,,300,,,,2898.0,2598.0,2898,1,938.462593326852
2024,4,22045,1,69,1,1,202404220451006911,1,1,1,1,2,,1,50.0,1,2,28.0,8.0,1973.0,1,,,,,,,,,,,,,,,,7354.0,1410.0,4,,3,2,1,2.0,0.0,8.0,8.0,8.0,0.0,0.0,5.0,29.0,,45.0,2,45,2,,2,,,,,,,,,,,,,,,,,,1,5,2,,2,,2,,2,,1,5,2,,2,,2,,1,5,2,,2,,2,,6,5,,2,2,2,2,2,2,1,1,1,,,,,,,,,,,,,1,938.462593326852
2024,4,22045,1,69,1,1,202404220451006912,1,2,2,1,2,,2,46.0,2,2,29.0,9.0,1977.0,1,,,,,,,,,,,,,,,,7352.0,1410.0,2,,3,2,1,2.0,0.0,8.0,8.0,8.0,0.0,0.0,4.0,28.0,,48.0,2,48,2,,2,2,,,,,,,,,,,,,,,,,1,5,2,,2,,2,,2,,1,5,2,,2,,2,,1,5,2,,2,,2,,6,5,,2,2,2,2,2,2,10,7,1,,,1584,,,,,,,1584.0,1584.0,1584,1,797.459934091098
2024,4,22045,1,69,1,1,202404220451006913,1,3,3,1,2,,1,21.0,3,3,23.0,12.0,2002.0,2,2,2,2,2,2,2,2,2,2,2,2,2,2,2,2,,,,,,,,,,,,,,,,,,,,,,,,,,,,,,,,,,2,4,2,2,5,,,2,5,2,,2,,2,,2,,1,5,2,,2,,2,,2,,2,,2,,2,,10,2,,2,2,2,2,2,2,10,7,4,,,,,,,,,,,,,1,884.640282818703
2024,4,22045,1,69,1,1,202404220451006914,1,4,3,1,2,,1,15.0,4,4,12.0,6.0,2008.0,2,2,2,2,2,2,2,2,2,2,2,2,2,2,2,2,,,,,,,,,,,,,,,,,,,,,,,,,,,,,,,,,,2,4,2,2,5,,,2,5,2,,2,,2,,2,,1,5,2,,2,,2,,2,,2,,2,,2,,5,4,,2,2,2,2,2,2,10,7,4,,,,,,,,,,,,,1,884.640282818703
2024,4,22045,1,69,1,1,202404220451006915,1,5,3,1,2,,2,11.0,,,,,,,,,,,,,,,,,,,,,,,,,,,,,,,,,,,,,,,,,,,,,,,,,,,,,,,,,,,,,,,,,,,,,,,,,,,,,,,,,,,,,,,,,,,,,,,,,,,,,,,,,,,,,,,,1,
2024,4,22136,1,65,1,1,202404221361006511,1,1,1,1,2,,1,67.0,1,1,22.0,6.0,1956.0,1,,,,,,,,,,,,,,,,7212.0,4520.0,2,,3,2,1,1.0,0.0,0.0,0.0,0.0,0.0,0.0,2.0,2.0,,25.0,2,25,1,1,1,2,,,,,,,,,,,,,,,,,1,5,2,,2,,2,,2,,1,5,2,,2,,2,,2,,2,,2,,2,,5,3,,2,2,2,2,2,2,10,7,1,,,40,,,,,,,40.0,40.0,40,1,1025.96139460378
2024,4,22136,1,66,1,1,202404221361006611,1,1,1,1,2,,2,61.0,1,1,17.0,1.0,1963.0,2,2,2,1,2,2,2,2,2,2,2,2,2,2,2,,9112.0,8121.0,2,,3,2,1,1.0,0.0,0.0,0.0,0.0,2.0,0.0,0.0,2.0,,2.0,1,,1,1,1,2,,,,,,,,,,,,,,,,,1,5,2,,2,,2,,2,,1,5,2,,2,,2,,2,,2,,2,,2,,5,2,,2,2,2,2,2,2,10,7,1,,,50,,,,,,,50.0,50.0,50,1,871.812165917402
2024,4,22136,1,66,1,1,202404221361006612,1,2,3,1,2,,1,46.0,2,2,26.0,11.0,1977.0,1,,,,,,,,,,,,,,,,8321.0,4922.0,2,,3,2,1,1.0,0.0,8.0,8.0,8.0,8.0,0.0,8.0,40.0,,48.0,2,48,2,,2,2,,,,,,,,,,,,,,,,,1,5,2,,2,,2,,2,,1,5,2,,2,,2,,2,,2,,2,,2,,6,5,,2,2,2,2,2,2,10,7,1,,,1380,,,,,,,1380.0,1380.0,1380,1,1025.96139460378
2024,4,22136,1,66,1,1,202404221361006613,1,3,3,1,2,,1,36.0,3,3,14.0,1.0,1988.0,1,,,,,,,,,,,,,,,,3115.0,3315.0,3,5,1,,1,8.0,0.0,8.0,8.0,8.0,0.0,0.0,5.0,29.0,,48.0,2,48,2,,2,2,3,795,,,,,,,,,,,,,,,1,1,1,1,2,,2,,2,,2,,2,,2,,2,,1,1,2,,2,,2,,9,3,,2,2,2,2,2,2,10,7,1,1590.0,,,,,,,,34,1590.0,1590.0,1624,1,1096.35258702043
2024,4,22136,1,66,2,1,202404221361006621,1,1,1,1,2,,1,44.0,1,1,6.0,12.0,1979.0,1,,,,,,,,,,,,,,,,8321.0,4922.0,2,,3,2,1,1.0,11.0,11.0,11.0,11.0,11.0,11.0,11.0,77.0,12.0,89.0,1,,1,1,1,2,,,,,,320,,,,,,,,,,,1,5,2,,2,,2,,2,,1,5,2,,2,,2,,1,5,2,,2,,2,,6,5,,2,2,2,2,2,2,10,7,1,,,1200,,320.0,,,,,1520.0,1200.0,1520,1,1096.35258702043
2024,4,22136,1,66,2,1,202404221361006622,1,2,2,1,2,,2,37.0,2,2,12.0,1.0,1987.0,1,,,,,,,,,,,,,,,,5213.0,4781.0,3,5,3,2,1,3.0,0.0,0.0,0.0,0.0,5.0,5.0,0.0,10.0,,10.0,2,5,1,1,1,2,2,50,10.0,,,,,,,,,,,,,,1,5,2,,2,,2,,2,,1,5,2,,2,,2,,2,,2,,2,,2,,6,5,,2,2,2,2,2,2,10,7,1,217.0,300,,,,,,,,517.0,517.0,517,1,1156.19439604768
2024,4,22136,1,66,2,1,202404221361006623,1,3,3,1,2,,2,10.0,,,,,,,,,,,,,,,,,,,,,,,,,,,,,,,,,,,,,,,,,,,,,,,,,,,,,,,,,,,,,,,,,,,,,,,,,,,,,,,,,,,,,,,,,,,,,,,,,,,,,,,,,,,,,,,,1,
2024,4,22136,1,66,2,1,202404221361006624,1,4,3,1,2,,1,6.0,,,,,,,,,,,,,,,,,,,,,,,,,,,,,,,,,,,,,,,,,,,,,,,,,,,,,,,,,,,,,,,,,,,,,,,,,,,,,,,,,,,,,,,,,,,,,,,,,,,,,,,,,,,,,,,,1,
2024,4,22136,1,67,1,1,202404221361006711,1,1,1,1,2,,1,70.0,1,1,17.0,6.0,1953.0,1,,,,,,,,,,,,,,,,9629.0,8299.0,2,,3,2,1,1.0,0.0,0.0,0.0,2.0,0.0,0.0,0.0,2.0,,6.0,2,6,1,1,1,2,,,,,,,,,,,,,,,,,1,1,1,3,2,,2,,2,,2,,2,,2,,2,,2,,1,3,2,,2,,6,5,,2,2,2,2,2,2,10,7,1,,,69,,,,,,,69.0,69.0,69,1,1025.96139460378
2024,4,22136,1,67,1,1,202404221361006712,1,2,2,1,2,,2,71.0,2,2,10.0,2.0,1953.0,1,,,,,,,,,,,,,,,,7354.0,9529.0,2,,3,2,1,1.0,0.0,5.0,0.0,5.0,0.0,0.0,0.0,10.0,,35.0,2,35,1,1,1,2,,,,,,,,,,,,,,,,,2,1,1,4,2,,2,,2,,2,,2,,2,,2,,2,,2,,2,,2,,5,4,,2,2,2,1,2,2,10,7,1,,,690,,,,,,,690.0,690.0,690,1,871.812165917402
2024,4,22136,1,67,1,1,202404221361006713,1,3,3,1,2,,1,35.0,3,3,12.0,6.0,1988.0,1,,,,,,,,,,,,,,,,3422.0,9312.0,3,5,3,2,1,3.0,5.0,5.0,5.0,5.0,0.0,0.0,5.0,25.0,,30.0,2,30,1,1,1,2,2,400,,,,,,,,,,,,,,,1,6,2,,2,,2,,2,,2,,2,,2,,2,,2,,2,,2,,2,,9,3,,2,2,2,2,2,2,10,7,1,1732.0,,,,,,,,,1732.0,1732.0,1732,1,1096.35258702043
2024,4,22136,1,165,1,1,202404221361016511,1,1,1,1,2,,2,38.0,1,1,5.0,10.0,1985.0,1,,,,,,,,,,,,,,,,8153.0,1410.0,3,5,1,,5,2000.0,0.0,8.0,8.0,8.0,8.0,8.0,8.0,48.0,,48.0,1,,2,,2,2,2,390,,,,,,,,,,,,,,,1,3,1,1,2,,1,1,2,,2,,2,,2,,2,,1,1,2,,2,,2,,6,5,,2,2,2,2,2,2,10,7,1,1689.0,,,,,,,,287,1689.0,1689.0,1976,1,1156.19439604768
2024,4,22136,1,165,1,1,202404221361016512,1,2,2,1,2,,1,37.0,2,1,7.0,4.0,1986.0,1,,,,,,,,,,,,,,,,7354.0,1410.0,3,5,1,,5,2000.0,0.0,8.0,8.0,8.0,8.0,8.0,8.0,48.0,,48.0,1,,2,,2,2,2,310,,,,,,,,,,,,,,,1,1,1,1,2,,2,,2,,2,,2,,2,,2,,1,1,2,,2,,2,,4,,6,2,2,2,2,2,2,1,7,1,1342.0,,,,,,,,270,1342.0,1342.0,1612,1,1096.35258702043
2024,4,22136,1,165,1,1,202404221361016513,1,3,3,1,2,,2,9.0,,,,,,,,,,,,,,,,,,,,,,,,,,,,,,,,,,,,,,,,,,,,,,,,,,,,,,,,,,,,,,,,,,,,,,,,,,,,,,,,,,,,,,,,,,,,,,,,,,,,,,,,,,,,,,,,1,
2024,4,22136,1,165,1,1,202404221361016514,1,4,3,1,2,,1,4.0,,,,,,,,,,,,,,,,,,,,,,,,,,,,,,,,,,,,,,,,,,,,,,,,,,,,,,,,,,,,,,,,,,,,,,,,,,,,,,,,,,,,,,,,,,,,,,,,,,,,,,,,,,,,,,,,1,
2024,4,22729,1,65,1,1,202404227291006511,1,1,1,1,2,,2,53.0,1,1,2.0,7.0,1970.0,1,,,,,,,,,,,,,,,,5120.0,5630.0,2,,3,2,1,2.0,8.0,8.0,8.0,8.0,2.0,0.0,8.0,42.0,,42.0,2,38,2,,2,2,,,,,,,,,,,,,,,,,1,5,2,,2,,2,,2,,1,5,2,,2,,2,,2,,2,,2,,2,,6,5,,2,2,2,2,2,2,10,7,1,,,11,9.0,,,,,,20.0,20.0,20,1,921.739405208346
2024,4,22729,1,65,1,1,202404227291006512,1,2,3,1,2,,1,25.0,2,2,6.0,11.0,1998.0,2,2,2,2,2,2,2,2,2,2,2,2,2,2,2,2,,,,,,,,,,,,,,,,,,,,,,,,,,,,,,,,,,1,4,1,1,13,5,1,1,6,2,,2,,2,,2,,2,,2,,2,,2,,1,5,2,,2,,2,,9,3,,2,2,2,2,2,2,10,7,2,,,,,,,,,,,,,1,1159.1388844585
2024,4,25396,1,30,1,1,202404253961003011,1,1,1,1,2,,1,94.0,1,3,12.0,1.0,1930.0,2,2,2,2,2,2,2,2,2,2,2,2,2,2,2,2,,,,,,,,,,,,,,,,,,,,,,,,,,,,,,,,,,2,8,2,2,3,,,1,1,1,3,2,,2,,2,,2,,2,,2,,2,,2,,1,3,2,,2,,10,2,,2,2,2,2,2,2,10,7,4,,,,,,,,,,,,,1,1055.10990745042
2024,4,25396,1,30,1,1,202404253961003012,1,2,2,1,2,,2,87.0,2,2,16.0,9.0,1936.0,2,2,2,2,2,2,2,2,2,2,2,2,2,2,2,2,,,,,,,,,,,,,,,,,,,,,,,,,,,,,,,,,,2,8,2,2,3,,,2,1,1,4,2,,2,,2,,2,,2,,2,,2,,2,,2,,2,,2,,6,5,,2,2,2,2,2,2,10,7,4,,,,,,,,,,,,,1,896.581156497118
2024,4,25396,1,30,1,1,202404253961003013,1,3,3,1,2,,2,69.0,3,3,10.0,11.0,1954.0,2,2,2,2,2,2,2,2,2,2,2,2,2,2,2,2,,,,,,,,,,,,,,,,,,,,,,,,,,,,,,,,,,2,5,2,2,6,,,1,6,2,,2,,2,,2,,2,,2,,2,,2,,2,,2,,2,,2,,10,2,,2,2,2,2,2,2,10,8,4,,,,,,,,,,,,,1,896.581156497118
2024,4,25396,1,30,1,1,202404253961003014,1,4,3,1,1,,2,65.0,,,,,,,,,,,,,,,,,,,,,,,,,,,,,,,,,,,,,,,,,,,,,,,,,,,,,,,,,,,,,,,,,,,,,,,,,,,,,,,,,,,,,,,,,,,,,,,,,,,,,,,,,,,,,,,,0,
2024,4,25396,1,141,1,1,202404253961014111,1,1,1,1,2,,1,33.0,1,1,3.0,10.0,1990.0,1,,,,,,,,,,,,,,,,3422.0,8541.0,1,,2,1,1,7.0,0.0,10.0,10.0,10.0,10.0,10.0,4.0,54.0,10.0,64.0,1,,1,1,1,2,,,,,,,,5000.0,,,,,,,,,1,5,2,,2,,2,,2,,1,5,2,,2,,2,,1,5,2,,2,,2,,11,5,,2,2,2,2,2,2,10,7,1,,,9500,,,5000,,,,14500.0,9500.0,14500,1,1127.50097879744
2024,4,25396,1,141,1,1,202404253961014112,1,2,2,1,2,,2,35.0,2,2,22.0,12.0,1988.0,1,,,,,,,,,,,,,,,,2359.0,8521.0,3,5,1,,2,50.0,0.0,4.0,4.0,4.0,4.0,4.0,3.0,23.0,35.0,58.0,2,20,1,1,1,2,4,1400,,,,600,,,,,,,,,,,1,1,1,1,2,,2,,2,,2,,2,,2,,2,,2,,1,1,2,,2,,10,3,,2,2,2,2,2,2,10,7,1,1400.0,,,,600.0,,,,,2000.0,1400.0,2000,1,1189.0429490085
2024,4,25396,1,141,1,1,202404253961014113,1,3,3,1,2,,2,11.0,,,,,,,,,,,,,,,,,,,,,,,,,,,,,,,,,,,,,,,,,,,,,,,,,,,,,,,,,,,,,,,,,,,,,,,,,,,,,,,,,,,,,,,,,,,,,,,,,,,,,,,,,,,,,,,,1,
2024,4,25396,1,141,1,1,202404253961014114,1,4,3,1,2,,2,7.0,,,,,,,,,,,,,,,,,,,,,,,,,,,,,,,,,,,,,,,,,,,,,,,,,,,,,,,,,,,,,,,,,,,,,,,,,,,,,,,,,,,,,,,,,,,,,,,,,,,,,,,,,,,,,,,,1,
2024,4,25396,1,141,1,1,202404253961014115,1,5,3,1,2,,2,2.0,,,,,,,,,,,,,,,,,,,,,,,,,,,,,,,,,,,,,,,,,,,,,,,,,,,,,,,,,,,,,,,,,,,,,,,,,,,,,,,,,,,,,,,,,,,,,,,,,,,,,,,,,,,,,,,,1,
2024,4,25396,1,142,1,1,202404253961014211,1,1,1,1,2,,1,59.0,1,1,20.0,6.0,1964.0,1,,,,,,,,,,,,,,,,4323.0,4923.0,3,5,1,,1,15.0,3.0,9.0,9.0,3.0,3.0,9.0,9.0,45.0,,45.0,1,,2,,2,2,4,1400,,,,,,,,,,,,,,,1,1,1,1,2,,2,,2,,2,,2,,2,,2,,2,,1,1,2,,2,,10,2,,2,2,2,2,2,2,10,7,1,1400.0,,,,,,,,58,1400.0,1400.0,1458,1,1055.10990745042
2024,4,25396,1,142,1,1,202404253961014212,1,3,11,1,2,,2,65.0,3,1,12.0,2.0,1959.0,2,2,2,2,2,2,2,2,2,2,2,2,2,2,2,2,,,,,,,,,,,,,,,,,,,,,,,,,,,,,,,,,,2,5,2,2,7,,,1,5,2,,2,,2,,2,,1,5,2,,2,,2,,2,,2,,2,,2,,6,5,,2,2,2,2,2,2,10,6,4,,,,,,,,,,,,,1,896.581156497118
